phenotype	score	PC1
0	-0.752759286915825	-1.0535791041078733
0	2.704285838459497	-0.992256424847832
0	1.3919636508684308	-0.2717746702818321
0	0.5919509051822196	0.44083860817941367
0	-2.0638881573453807	1.0963015514798993
0	-2.0640328779827843	-0.9638147408164137
0	-2.6514983269908035	1.791226282751426
0	2.1970568746496113	-0.32534832125108254
0	0.606690070459253	-0.025640753218123386
0	1.2484354667762734	-0.8966540149773881
0	-2.8764930342251853	-2.9090883123275297
0	2.819459112971966	1.0608544756332596
0	1.99465584480253	0.8842126765109201
0	-1.725965335930343	-0.33759306854185606
0	-1.9090501967573963	0.0803888606698463
0	-1.899572940879397	0.6191270612449193
0	-1.1745465422427737	-1.8750550282638512
1	0.14853858979342682	-0.6348632128155537
0	-0.4083298881473052	0.9531176155461925
1	-1.2526251588117485	-1.5051473078030992
0	0.6711173683342766	0.35226951859995514
0	-2.163036836087749	-1.627898165548086
0	-1.247132108788691	0.5597159789202316
0	-0.8018289402378498	-0.04276977875698028
1	-0.26358009469778443	-1.9381581790866114
0	1.7110557683580812	1.3976872253486057
0	-1.8019573070498416	-0.8815098921576591
1	0.08540663048166941	-0.9723029244172572
1	0.5544874131722546	0.24068303667713142
0	-2.721297523680014	1.3783648193144582
1	0.6452691114086302	-1.2189861827740762
0	-1.9768552578762508	0.07401581981756598
0	-2.609690442088323	0.5145798003966875
0	2.6933132235199997	0.8317267287157729
0	2.793792198447356	0.2117298663326702
0	1.8503840886987666	-0.4404334068999868
1	-1.1723173849597759	-0.9931082647784636
0	-2.413967315961697	0.1033726596556497
0	1.1053981590729416	-1.2865668143827282
0	-0.3590850375623922	-3.5056205801935287
0	-2.267770590931327	0.5238717649892014
0	-0.028938539332378888	1.0847218093034343
0	-2.7936688733086896	-2.835518922650206
0	2.4559224124726926	-1.211676845651925
0	-1.4473201103998985	0.7429851132062373
0	0.9751337061238918	2.4689945636540385
0	-1.1297335434635343	0.02495244921048947
0	0.12040812706686488	-0.8736035294749613
0	0.2802616760596779	-0.2194757293258082
0	-1.8908732668468378	1.6498517029778217
0	2.817507766587351	-0.7751570149494423
0	1.6507969401666873	-0.9590304079803043
0	2.6369936493851345	-0.5792922266184389
0	2.3689641025658927	-1.1439943299104547
0	0.5873998728665111	0.14720437919375462
0	2.531245410138701	1.9496141501634727
0	-2.4690449876884832	0.38769512773923487
0	-1.8241028254851288	-0.30282420255154513
1	-2.7286362665367716	-0.35017352269865293
1	-1.048018015420414	-1.8758289704359883
0	-0.6679362618631082	1.0597317325765907
0	-1.3719058093566245	-0.09340463641536244
0	1.972425054911576	-0.21657589630875076
0	-0.8594800398384645	3.8317290814138327
0	-1.3143929418757154	0.3585034900388235
1	0.25617649894949057	-0.9021492601142211
0	-2.154454650151424	-0.5116291154466519
1	1.813181884524238	1.3781348510361058
0	-2.552696137921375	0.13592449264531734
0	2.9213216196031038	-1.72593357398084
0	1.633468615779945	1.103074721490244
1	-1.8077059107949656	-0.8017729026467927
0	-2.9668672972583856	2.2479573314610546
0	1.8927685707290047	1.2960576788575782
0	1.2411440630857022	-0.5367862747905014
0	1.3740430082459234	1.5372196340821354
0	1.6276220801156747	0.08142661263288395
0	-2.555732089595458	1.0233284101466633
0	-0.8492056287343646	0.5816793807533697
1	-2.3047856428492217	-1.0156279859890482
0	2.178620555253561	-0.7722597987809544
0	0.7397887609653475	1.2359529810973935
1	-1.0146118508841049	-0.40173039852784903
0	-2.6186498982838584	-0.484378155890396
1	-1.1341060697060268	-1.1461470952192234
1	-1.0489000678395177	0.5083188787121532
0	1.3776370700283849	2.475029903091774
0	0.8253448281312785	-1.2810394971051273
0	2.3232764554579592	0.02906334800730968
0	-0.16671044902830445	1.694664666498515
0	-2.28243452437019	-0.09556966949485818
0	1.2794687233379705	0.5428461554996806
0	1.5647102917013846	-1.2748722337762557
1	0.3676631854169772	0.5139685166491783
0	1.6258030797273655	-0.22457311800545854
0	-0.03722642181365554	1.1828759948158356
1	0.13639697629196412	1.4248632618777013
0	-0.434753889848702	3.1074763704223365
0	-2.8474852395354286	0.6955598078562908
0	-2.3526514380401733	0.39095557989859975
0	-2.8114248858795943	0.23326116189280321
1	0.8184624675826822	-0.423799551372826
0	-1.11386411354204	0.40618061215402934
1	0.051424146988216624	-0.3544816921668353
0	2.445398843556558	0.20215317152353715
0	-1.5042466251067503	1.5811170427295516
1	-0.5377024617862216	-1.2078510783355694
0	1.533306831258292	1.3678542733548544
0	-1.6272110070502652	1.5805380808078382
0	-2.538120541027242	-0.14168223238929448
1	-1.2614912825173918	-2.5462258788103136
1	-2.0326722764759735	-0.7293863845133189
0	2.578185914055439	1.556393455873331
0	1.8487222773865017	-0.027441674758658545
0	0.8004225390625406	-1.199162678753893
0	2.2287635411263063	-0.6057299054738609
0	1.822032461394687	1.0087440318054637
0	-1.880579646683785	0.6560802818416551
0	2.355353990939866	-0.28671851900363315
1	0.23605345149390455	-0.44018929417762503
0	1.844640930984375	-0.47010977885258626
0	2.376547799540959	-1.106892221398203
0	-1.0919791501688167	1.93845082736333
0	-2.3396884528339394	-0.38678456305360787
0	-1.63238902474835	1.4605902249905958
0	-0.4373532682424619	1.8255792623069416
0	1.9080885955349585	1.1979730777775524
0	2.1643834995380606	-0.517944375261658
0	-2.958287216812856	0.4844761084039313
0	0.06448381546539439	-0.029034727669099397
1	-0.49553398110732605	-1.0844422328761538
0	-1.6673531371756185	0.3892311380659236
1	-2.2808077959979034	-1.414847749391763
0	-0.9743089715782323	1.4252152661538764
0	2.657458223475115	-0.5575407567580717
0	-1.0607824078754686	0.24139158704740715
1	0.11274373046019637	0.33994544585537056
0	1.2181137533710675	-0.31068596844489277
0	-0.8182223857242361	0.7040325617703297
0	2.8306924963257636	-0.5698843879470293
0	2.7746837696526674	1.045556756948693
0	-1.489306225047815	-1.6151756162960982
1	-0.016508964645687296	0.15165549545569418
0	-1.194730141099382	2.3267147988699417
1	-1.2909570337351943	-1.2003975895266896
0	-2.7786783158728032	-0.8132939646298217
0	0.6573860038793811	0.616689419590698
1	0.016074139373168705	0.21549813832751755
0	-2.6911274925000637	0.42075611912827104
0	-1.3281212145803314	0.5870245561771962
0	2.4495953157999217	0.7616657622741239
0	-1.5626286559981655	1.3316398103474678
0	-2.1306307674526614	0.49178238831421506
1	-0.06328343833462213	-0.2895091855422509
0	2.913902724663604	0.8070884414432775
0	-1.5476683709309975	2.2798583218742587
0	1.0328132844352709	-0.15916049565908827
0	1.569717691972306	-1.1694351656047697
0	-1.574174736045602	1.3284968031443674
0	1.3692980916711575	-0.14445739674431787
0	-0.7933012036844804	-2.6072034552168435
0	0.7938349835614771	1.0169060125805058
0	0.801178264565368	-0.6423938231447073
1	0.21464810444855065	-0.10863993876499292
0	-2.45826137967355	0.39837639668281744
0	2.0118149735354276	0.22859961573487966
0	-1.075319610169585	0.8513421805668474
0	-1.8808889376008746	-0.522583644683812
0	-2.7553491506714165	0.6157269578112993
1	0.5453576591294507	-0.31145601310070065
0	1.065386171053694	0.8865725770650036
0	-2.900473026432863	0.7384409808156641
1	0.07255834979568565	-1.1225264424535144
0	-1.6410253488123723	1.3031785394100386
1	0.8710367424566989	-0.6431561341368576
0	-1.9538014259700514	0.9696693579373741
1	1.1456264286147952	0.4407447760816087
0	-0.6795879221967756	2.205820412154147
0	2.6203799324204073	-0.26815917884622253
0	-2.1748743351240405	-0.419180155341837
1	-0.9536018936984489	-0.02330352706527913
1	-2.3191588725564656	-0.3638157394011305
0	2.5481617096713762	0.9599302823304601
0	2.264036120285886	-1.9395727301239054
0	-1.4523502337090664	-1.2644189029756248
0	0.9599042762050742	-1.2813635058950317
0	1.9033332012072952	1.140369110368291
0	0.33120486959677375	2.05273604709831
1	0.17790347013603913	-0.1253390622449658
0	-1.54888625459729	-0.20258606782801275
0	-2.441383393164605	0.08406259573581766
0	2.3832945477199603	1.3942539631298285
0	2.402508342979983	-1.1128237610286889
1	0.7986087436396074	0.28604277928174215
0	-0.9658212537077961	1.1702371557389157
0	-0.9047425523240347	0.6013130039278143
1	1.355734073221436	0.22749793991849207
0	2.382661559715462	1.2012553110805693
0	2.322518545590704	-3.2438787515990843
0	1.6792532751457436	0.8134503834370891
0	0.8521898769257268	-0.7848908197529085
0	-2.495160210029707	-2.196759476227748
0	-2.0302277154323174	0.6134431194299769
0	2.3913251311624757	1.6483902541955493
1	0.6385743579575394	-0.16493821755323024
0	-2.944817690300222	1.1434494566435265
0	-2.3911707428038076	1.9347339095863745
1	0.9810106146483348	1.5778973443008568
0	-2.969630496922688	1.9679574352456715
0	-2.035151691495008	0.8905529892862707
1	0.2924027361995165	0.09052036668191135
0	1.15137118615616	-1.922358974276602
0	0.9117675570156032	-0.2952749857559383
0	-1.6543841432366413	-1.01189591437943
0	1.2730753280852154	2.6051312609973762
0	-1.5765054750191996	-0.21106297491880394
0	-1.0476018110443936	0.1478457681413828
0	1.4789484307081446	0.661782451248561
1	0.897797394283288	0.052322935646944464
0	2.0953404629650674	2.0340612485169034
0	0.9456773538020604	-0.7471792340813423
0	0.4098516200128297	0.23352894628469123
0	-2.437951393031445	-0.8909647028376578
1	-0.7937051816433991	-1.5840270134648469
0	-1.4087857939096473	-0.7341229090863425
0	-1.5360621397254985	-0.04444415645809442
0	2.8380633285146732	-0.515162669420712
0	-0.6414136519994376	-0.8309051758486271
0	2.3522793310626797	-1.6875809564062005
0	0.7868317559835774	-0.09972668715443371
0	1.7688678212498905	-1.8056644488372027
1	0.015822558631152894	0.9120671564275231
1	0.4614233077581549	0.09892770352140394
1	-0.044893837086816824	-1.7490617993579167
0	-1.828542073211733	-0.37105089245983613
0	1.334712691569032	-0.9025876867086997
0	-1.3153658253548652	0.3830094125030165
0	-2.854104201411277	1.6085405352277735
0	0.8728337754430067	-2.2502069635748936
0	-1.9373359235577063	0.1380312949769006
0	2.642751506117486	-0.19215935467996847
0	2.7235714620155242	0.8056080917405588
0	2.489186341322691	0.25583595388522695
1	-0.7790477984673334	-0.9023631980865828
0	-2.9072603008267954	-0.38286472279994177
0	2.5699113755263525	-0.9552310281641868
0	-0.43089511009611403	1.291208566318318
0	2.7999289142620176	0.025573978406330664
0	2.7817198625355175	2.281428822903609
0	2.1180567328041606	-0.07279297657754492
0	-1.2333066475824859	-0.8500881202925553
0	-0.6894136283884484	-1.8164572711353926
0	2.106820029101142	-2.163767611507134
1	-1.098467969062334	-1.9009631316065876
0	-1.983043519883445	0.3205519812137801
0	0.3408075747501007	0.6104700278759206
0	2.616928644964686	-1.89742884243856
0	1.1761787800498382	1.0740459768913384
1	0.4203670205361898	-0.5796732620201274
0	-2.4169410373753886	0.17615161438265922
0	0.6900433601950184	1.9346647539065092
0	2.94032310062558	1.0762071790386383
0	-2.1594959085808556	-0.32223677748699875
1	0.1099779141824202	-1.069430670498345
0	2.2642384315677324	-2.582178481595166
0	1.4446117065252269	-0.8629839830909041
1	1.1820944459716074	-0.25335628659323334
0	1.2149045039226554	-1.1846154325814207
0	-0.843053092681469	-0.15750836051076567
0	-1.2384489344130398	0.09222225955052185
0	1.8561669328710817	-0.26982717816969426
1	1.8606803680750845	-0.7800030969881516
0	2.2024339114806217	0.20238560636007322
0	2.479443315338828	0.5303287794832908
1	0.06805439316562678	-1.3084788929314153
1	0.009097768123197625	1.6931188556955241
0	1.789771073800651	-0.11830575874111407
0	0.8997835846665909	0.022619547533817192
0	1.2118012635462199	0.8498573079078685
0	1.7747560166166068	0.279859357516202
0	2.340032050905398	1.143763960695894
0	-0.9720290588907852	0.34454899824218904
1	-0.7465022841603357	-0.7349248495685254
0	-2.436108360954786	0.43380423024732195
1	0.46968084597704385	-1.372471448784794
0	-2.7843463572195475	0.13027164693182777
1	-0.20641189120523906	-0.03987598877335296
0	0.25586780824545974	-0.24974022872704763
1	-1.2807524872302936	-0.1542450137267169
0	0.5449995634140645	-2.2582188545971666
0	-2.8169985003657034	-0.6584698892891537
0	-2.7759108675047135	0.11141388136933765
0	1.9356033639579495	0.19182767039688045
1	-0.8388561515324229	-1.2332101691111497
0	-2.237636924088691	1.5188494090376408
1	0.13345956032882622	-1.039409817857401
1	1.619961318591665	1.163348640632084
0	-1.705073835018941	0.5126332342460218
1	0.7373428549140018	-0.7754727718125637
0	-2.487915210037392	2.130373071131414
0	-2.689909672988354	-1.432364198107776
0	0.1881277894088882	1.1029850083320019
0	0.24381072966063932	1.200698781651574
0	0.8245794089892393	-0.8047442508919739
0	1.3565480023359697	1.6709583600771944
0	2.855112476775208	-0.30005581751874333
1	0.09780208980717209	0.34643235513582843
0	-1.0622611623525242	0.31238620652546484
0	1.7711171686122222	-0.16117048976465737
0	-1.3750064924275547	0.9729699277917385
0	-0.36617147576618336	0.9521864646626556
0	-2.529261711946404	-2.0982383678858167
0	-2.847895539507255	1.565208291453783
0	2.7758904880675503	-1.994990385642809
0	2.015880723073235	1.2390554452099887
1	1.1758452365621874	1.3520461641930999
1	-0.5462823335143807	-1.3091597162582378
0	-1.9602340795749253	-0.49297714554550176
0	-2.061377743973484	-1.3268456021831228
1	-1.498542611012428	-0.2579052363464824
1	0.29535998823672305	-0.3696411410228895
0	1.2875755362003742	0.9355926387232077
0	0.9611842603063874	1.57237049534353
0	-1.320396618324343	1.6748205729479473
0	2.729191683979165	-0.6746016318939625
1	1.4273815001746115	-0.25106624849343334
0	0.32612431506840434	-2.0201258306651404
0	0.6703244774061137	-0.9670440797954265
0	-0.48239962543326076	1.157821959716949
0	-1.5136140629930552	1.938699388257878
1	-0.8641639280924305	-1.4812186462559065
0	1.547076662786215	-0.710957110983473
0	-2.913639068221465	-0.03168690835071244
0	-2.303564156958503	0.33619339058352815
0	-2.7239841478694835	-0.9715242239059754
0	-2.755627186086179	0.5088732533569076
0	2.132763504066043	-0.5686072164850994
0	1.2219471562801418	-0.017342725053934922
0	-0.15495702547604884	0.6555410976044395
0	-2.4129950360939914	0.007706723773125379
1	-0.050304749299005636	-0.5236630686318823
0	-0.1591693753166057	-0.131531764710997
0	-1.960788780539909	-0.10603555104640239
0	-0.39689010457216156	-0.44401323585855323
1	-0.6089715936157596	-0.31055527520052284
0	0.6951005883132986	1.9183766046056603
1	0.810561905205863	0.6731033375294865
0	-2.728175941367733	-0.35457638163499244
0	-0.7523243122411727	0.8363452854128828
0	0.7551594942854183	-0.4005833877072119
0	0.01881755148052644	1.4077495651039695
0	2.1389390471299334	0.4435706306377127
1	0.9521617897136698	-0.12876257280507467
0	-2.022393437511422	0.5372603109723331
0	-2.5765875155974207	-1.885051382482199
0	0.8545156692378937	-1.3521209626917663
0	-2.8409321367502693	-1.4327100076788664
1	0.5146534876407798	0.1715317137164481
0	2.6413814485497458	2.0790179993821103
0	0.45284506725527374	2.6775601754311587
0	-0.6709804427608685	0.7656613217289086
0	0.8597293106541191	0.6010133699333483
1	-0.2504826570509002	-2.1612692809832867
0	0.2737007358956096	-0.651208559680826
0	2.648788852659151	-0.9453405022898866
1	-0.6833841731953543	-0.7450171179013392
0	2.7671433829434857	-0.20177258230174752
0	2.4321038517363824	-0.5665086932365528
1	-1.8252531912642214	-2.375159772450945
0	-2.5838321947490073	0.8974923073410406
0	-2.39533199173544	-1.2872916308877678
0	-2.890669046090702	0.28709623693337943
0	-2.43334223546443	2.488899203699968
0	1.0980406404981409	-1.103261509903708
0	-2.572868109238626	-3.0363450272955954
1	-1.0861462182374322	-0.34320506625613295
0	2.069251865816727	1.3211515619982852
0	-2.860368385585045	2.3500169450647124
0	1.886810895533615	-1.4754595133429003
0	-1.3088713513596004	0.596039067883826
0	-2.2910110342700625	-0.558372548136064
0	1.180422992184904	-0.12713802516496278
0	0.7736570806793042	3.173212016420442
0	2.264832081162318	-1.8035643940741837
0	1.4104262628233144	0.3044875937934881
0	1.8208855823090913	0.5612318061185197
0	-1.307792564572161	1.3029435899272166
0	-1.935362737321663	0.11757978416507452
0	1.5036885098451496	0.36966064740492277
0	1.8410084356035838	-0.4699782809061493
0	2.94303085200404	0.3229523294941288
1	-0.5242939385314411	-0.41183073059689257
0	-0.7678914852433012	0.745886267827261
0	1.6584777644519813	-0.44353240325236076
0	-0.9551787584818929	0.45252047268262374
0	2.584543953621388	-0.03511537642197402
0	2.150476511058071	1.3512603009266018
0	-0.4260358357498899	-0.06167246830618349
0	1.5052264067489842	-2.1276389618482576
0	1.5272572445080943	1.51430580085679
0	-2.3812567869844043	-1.0868787610351427
0	2.4153174400774002	-0.7845196063785838
1	0.031514234687143095	-0.7147935528521905
0	1.9587447966464495	1.6493257118049807
0	-1.0797023938163295	-2.5628090567744346
0	2.373139370977203	3.765298240391992
0	-0.6647899275950211	1.2672681708792621
0	-2.93497409111821	0.26788669695499157
0	2.4322918585155815	-0.06587280073954366
0	-2.4522799392831987	0.3426648898291883
0	-1.0841181744575108	0.6253469140552059
1	2.7003718023048293	0.7742587031400684
0	2.7036428816253366	0.6667253592041381
1	0.44062732873971644	0.10749681750629858
0	0.7910232730187956	-0.2368061043687913
0	-0.30932686813008115	-0.18152794038421402
1	-1.2407353698116128	-0.2338899364232172
0	-1.0280127277805042	1.3605241162404773
1	1.0351107364622303	0.7122680667370342
0	1.51424717662608	-3.528466361597136
0	1.7494742623550916	0.7870809318357131
0	1.7377088567673233	0.2336834336625298
0	-2.452763381707858	-0.0224505077350769
1	-0.03347817178451118	-0.466222143706663
0	-2.6546474399001343	1.3489352639832162
1	0.29717329394241343	1.1370317545474293
1	-0.3508169917597379	-0.9274532013883309
0	2.3262250965497984	0.4884627445494421
0	-0.8945099246875277	-1.1659880814495431
0	-2.297597901434365	-1.6555417977467166
1	-2.142049907682985	-0.7520606695079581
0	1.569063790304833	1.0348721668593104
1	0.7093083798975663	1.143750054451304
0	-2.3932639432632588	0.6157025041167515
0	-2.4953591633100154	0.8701149442175965
0	1.2058147887547204	0.6194139445379501
0	-2.563421961814839	-0.7697779142675426
0	1.9311603557421373	0.5183070536087288
0	1.237453362938977	0.9604914302732187
0	-2.5119073161486014	0.9051495957762891
0	-2.4909737154888485	1.4266960457695714
0	2.919837471007053	0.8499646166412765
0	-0.7543752254632778	0.42173784904989947
0	-0.7761471175986543	1.284180285979713
0	1.876797403545016	-0.03182551109887207
0	2.6834914643031524	-1.0582495814732613
0	2.9160063829372254	-0.19568035673251666
0	1.5202691115536497	-0.8938831737677388
1	-0.7424424868145056	-0.8102139299692578
0	-2.4989956998079874	-0.1734224048586214
0	1.662881495564621	-0.9509039051999535
1	0.3504254984148303	-0.36955383556684834
0	-0.4546679445181425	-2.272337600344543
0	2.438126310568416	0.25595244884752627
0	-2.3328151061630917	0.0014465704346690843
1	-0.0442493742548451	-0.9805063572818287
0	-2.931878131395486	0.791094802118886
1	-0.18803614803524216	1.12508416515187
0	-2.662180345908976	-1.9290718372427689
0	-2.2870925023915687	-0.915269734279457
0	-2.2948425193373705	-0.9229708197447578
1	0.8952618126963814	-1.1278837213306376
0	1.4762692755925393	0.9953698103180981
1	0.500212590582958	-0.23259136652736423
0	2.7730352908472513	-0.3174178095727329
0	-0.7507765228577759	-2.404634837288104
0	-1.2857274823088356	0.7625016362510716
1	2.2115947691367612	-1.487110073824167
0	-1.6584249688832842	0.0719191563195939
0	2.779335236643668	0.33285232554983
0	-2.927073151861102	1.6327903150063812
0	2.8192729602458346	-1.5705844789429344
0	-2.7410405282965433	-3.6234145869849903
0	2.3468586821884267	0.22061945370443384
0	0.16620665451779892	2.1606134178130243
0	2.9577887767158018	1.4867356235273248
0	-2.557220611587607	0.2515912983295509
1	0.3231257064079247	-0.5899634227584568
0	2.8158152137145933	0.9685471159647724
0	0.1385870650208929	-1.1682554396453624
0	0.7763918288115752	0.5716293232274631
0	1.1744921339077035	0.6065641909999522
0	-0.27275361139336063	1.2722518889986556
0	0.7653484805043806	3.3115920466932933
0	0.5058858715386014	0.4708991606145204
0	2.4069480629459337	-0.6107563508489985
0	-2.727321717951253	-0.03068917463039332
1	-1.314220862446618	-2.1228910858669416
0	2.7024689044593524	-0.8336557573068698
0	2.341582703345498	-0.49113892573572476
0	-0.2660594832857224	-0.628906077521511
1	0.7207955868092206	0.1828258464404664
0	-1.335712902113204	-0.9869039188586406
0	-1.8712730416574321	1.3452368007893656
1	-0.21780957036010706	0.0002484779018365126
1	-0.8798866318436831	-0.011160385366337301
1	0.5019366711052324	-0.3934736598155014
0	-2.5335921782100908	0.18622882063077495
0	2.8463688459969987	0.9901179176011616
1	2.917264466877617	-1.0405562588530803
0	1.1889702841184704	-0.789739786890308
1	0.21657819806472212	-0.3644712345319976
0	-1.1428343022820335	-1.6150451081678578
0	1.8827701182416918	-0.9831094316657973
1	1.1083870353232754	-0.5714650482535908
0	-2.024298363930652	1.049267016855273
1	2.465563106963055	0.31507359480230995
0	1.9352234575390135	0.23230789364105323
0	2.6987994797515444	1.0210775546015667
0	1.3543170503301596	-0.16484614607927597
0	0.6804911756147392	0.4685578199146675
1	-0.49054178225628675	-0.12386610351899548
0	2.5963709001240796	0.31843481927955414
0	2.19638333700245	-0.6993103891338984
0	-2.7286879793628636	-2.926580589931715
0	-2.841798153016488	-0.16113499462356498
0	-0.7412197987317022	1.707297763319928
0	1.8633199846909978	1.1114584826899108
0	2.9236567758896665	1.1584769815094047
0	-2.097498653378831	1.4833568661674614
0	0.5647842921128108	0.10638910915372492
1	-0.7146548602138711	0.2367788488867147
0	2.819486386887619	-0.7411822745212202
0	2.0527135388142526	-0.37928742723245973
0	2.0299722282668267	0.7389253797253699
0	-0.18784104123017809	1.4446613246025795
1	-0.5110829859740091	-0.16733553081719946
0	-1.3595575684157626	-0.5402271178216939
0	-2.6617470200944373	0.0006335506279167513
0	2.188334257530319	0.7214480987149378
0	1.8774060547804652	-1.7326257793602502
0	2.998306039716784	-2.7554171437646855
0	2.9798210224434323	-0.6606442193899003
1	0.3325902336157647	-1.4648549110969904
1	1.613924491083063	-0.6097682371767731
0	2.668594379294568	-0.17733638258096582
0	2.097884344064469	-0.5438980908276161
0	-1.515911389540814	1.7429610413648944
0	-0.2967351881394391	0.39209371752278405
0	-2.22504350909103	0.36056923153299403
0	2.7243061635523347	0.7466485728520823
0	0.6370478067052803	-1.3665997413369229
0	-1.6281431669792237	1.2469341449043223
0	1.0302041064351402	-0.09091714384255185
0	0.708769442747375	0.8045767406894551
1	-0.8510236918029568	-1.2862286796481865
0	-2.318654446802226	-1.864510519219277
1	1.0294391735567974	0.9814675896300343
1	0.12184620542275981	0.4516914313170199
0	1.633910350413836	-1.0824618652290123
1	0.12098100667196032	-1.0435956975296332
1	2.1130890019112405	1.3505217412977233
0	0.31144103264691303	-1.4272942714407935
0	0.3656278292123174	1.971207543907156
1	2.25992161595007	-1.0807448815774425
0	-0.5791028027256178	0.7660703107300596
0	-2.195908629296156	-0.39434217089878154
0	-2.827303942119966	0.7238249172988117
0	1.5308235340417138	-0.6529368025370311
1	0.721857308120788	-0.19535148728675306
0	1.2244786085953416	0.04910301047486536
0	-1.7222150309465356	-1.2026249469377672
0	-2.1817711464793814	0.888989214504151
0	-2.9127320059927087	-0.6158562797659023
0	-0.8964746471604181	-0.2743198984080223
0	0.5395061211277987	-1.1932192495302147
0	-0.6465357294016059	-3.0748003905543726
1	-0.3751504678576256	-0.2292333151202028
0	2.4249521669624903	2.895138505935499
0	-0.9104671978601981	0.9415251454776286
1	0.08393693495886456	-0.023112455681273566
0	1.7019180764468587	-0.3154689950499212
1	-0.620743306072379	0.026959071374455655
1	0.7325202013672412	0.6565429382102519
0	2.1741822524804713	-1.4169753783706138
0	2.6971237419458527	1.3371860336026464
0	-2.1175591144257724	0.8584575785294929
0	2.559525750968966	0.8618228708495214
0	-0.04730224152277085	0.5261708865716728
0	-1.45053367020625	0.023539989232787883
0	-0.24518546257043194	0.8074334831601838
0	2.8801954517128623	0.7101769604896536
0	-0.04429143604278263	-0.42484885312922854
1	-1.0274903382749507	-0.6883221274762811
1	0.8004051259003546	0.12222755431438403
0	-1.5591262873308416	1.8588241817942248
0	-2.5448200313480163	-1.486928490784681
0	-2.2267216685361046	-1.761030318902928
0	-2.231724966253365	0.1977130094838201
1	-2.088583838926234	0.06106524222722167
0	-2.167036964103539	0.20800999724448985
0	0.8452484688192876	0.2927438374902003
0	-1.908719493605131	-0.26784270556176615
0	-0.9259963000568208	1.7878361263224984
0	2.380730459436071	-1.9210847741718187
1	-0.15623015842276589	-0.9941964297362952
0	1.0053464311261635	-0.12390571217885686
0	-1.966080772790221	-1.9718265733850007
0	-1.8462658871479753	-0.2110252853184854
0	-2.754788302401127	1.9937641988736217
0	-1.9863896215670127	0.025063785955154145
0	-1.3284579658082483	0.27684108686242015
1	-1.937937094339519	-1.5121977182070963
0	-2.467784797457666	-0.739633689647373
0	-2.276184773396395	-0.45023565638872437
1	-0.23532739180364537	-0.38125811610748084
0	-1.761997689565245	1.5379725540045224
0	-0.8143808337115472	0.6692292728701494
1	0.020503625129141057	-1.3337495483244384
1	1.1423689717761913	0.2958057341184058
0	-2.7641271609534064	0.5978660981961421
0	1.7964623934542558	1.3681788462255198
0	0.7674023369454464	1.8966488238820483
0	-2.5094458083067686	-1.2181130301934424
0	2.2414717446406636	-0.9730290134524058
0	2.525234403190879	-1.5090934306975394
0	-2.6335322408708173	-0.28082383092837765
0	-1.3387341111167776	0.5596300493356013
0	1.837207678758368	1.1848014199069221
0	1.4895581423019504	-0.09114122837102731
0	-1.892873883861736	-0.38381702790581274
0	-1.7439040599797382	0.18210959069848845
1	-0.7771673832517081	-1.0021714819560277
0	-0.09286208885387204	2.507446466033728
0	0.7095286291817757	-1.9291932325416703
0	-0.7865181625813653	0.22168869467486935
0	-0.22479170320111264	2.428327463075567
0	1.4848256288025397	0.008159813471997322
0	-2.7799007826564126	-0.22804684200179334
0	-1.4853783339358755	-0.4289345073725126
0	1.2800975153073146	-0.2164700181148894
0	2.3712410261231955	1.6474181696118362
0	0.07006465269399698	-2.654234293595408
1	0.1926809115918937	1.8401204415555905
0	-2.3569679319613437	-1.708748582940174
1	-0.31552579905927214	-0.31998279508129773
0	0.1957035987301392	-0.5150933043583942
0	-1.545176978191622	0.7062639237248637
1	-1.3845406143037142	-1.917749222260497
0	-0.7362950213722641	0.5546071992983314
0	-2.879572813333642	2.429171547944223
1	-1.0675250065009303	-1.6358088055113724
0	-1.7313119580207321	0.22764740113247478
1	-1.0350158869325121	-0.7943786133559309
0	-2.2814272090844927	0.5110646474316429
0	2.3431636844393697	0.02297733289890247
0	0.561554721324292	-0.7697842908531715
1	1.0746139148669371	0.5854467418452888
0	1.7350274316440295	2.1652177317440917
1	-0.009346806425656329	-0.2290845500727584
0	-2.478478271475458	0.8637095305778183
1	0.22263925091128645	-1.5519275494453963
0	0.521046708125275	-1.1477236521816105
0	1.4726368451059795	0.5668875334564528
0	-0.41004272262192387	1.7809392342431578
0	-2.2345181832266174	0.426736018542792
1	-1.2973445652076532	-0.3756696366277852
1	-0.8215062216081894	-0.0008503134919751006
0	0.8755034479896073	-1.500489280763661
0	0.4246698280134713	0.7254183916264401
0	-0.8634196446129225	1.058799674788091
0	2.919091492757878	-0.5425083993996964
0	0.6346489161413231	-0.5640505773114017
0	-1.5766392495840331	0.3190538755824582
0	-2.3893051642775776	-0.5240636832487146
0	-2.0828451648940076	-0.07935913755098695
0	-1.5242536296929512	2.5196661469998185
0	-2.0359117604426658	-0.296430840895196
0	-1.8805978556921654	-0.4300081824254666
1	-1.2894289878369174	-0.777050166762191
0	-1.959758428231471	0.8930303657999241
1	2.3805925477585514	-0.2174690078617236
0	-2.5185975260301467	-0.7792476459857112
1	0.14706833742152803	1.5855648387276144
0	-0.5376190380620312	1.7035236054163645
1	2.894271701451638	-0.7205082788864462
0	-2.327766586991686	-2.2398479416327395
0	-0.6128664057255504	1.2090164278043065
0	2.8168225996522134	-0.8215557909120047
0	2.193042755363882	0.9487507189953224
0	1.9024324256956797	-2.3641245812542024
0	-1.452583037730361	1.071116805959171
0	-1.974674475659605	-1.4534063151369374
0	1.011859319546586	0.8769169428798294
1	2.5762559347655145	0.017127681403720927
0	0.3405773580835785	-1.1447273032759737
1	0.4296761368193991	-0.4884435755121366
0	-1.320125438038295	0.8235821483480409
0	1.6169575991516218	0.12707334373828108
0	-1.8777375086548598	0.701295576566981
0	-1.057924581574538	2.3717287014185824
1	-0.44738136830149955	-1.8770899340532616
1	0.04566227210673013	1.9406550899623487
0	-1.5455416055095186	0.12522712502785552
0	-2.310979051564779	-1.0785408579877538
0	0.6637202546497956	-1.5963763508867876
0	-1.2682166805584654	-0.2269444689324402
0	0.4874293285356739	1.1059801343093512
0	-2.0738237083547864	-0.15305894445304105
0	-0.11315938887109489	1.813385916296817
0	0.19553659530951517	-1.7414108280618705
0	-2.6890587790654386	-0.014506737415265472
1	-0.9803743308364767	-1.5028721332957429
0	-2.1935119383661545	0.43635825914996146
0	-2.6197501771633935	1.0642648681167604
0	2.939761394339671	-0.5049141524172639
0	-1.0658769301516622	-3.125056627952561
0	1.8592466751278094	0.23873777615579342
0	-1.472156071417417	0.5240862620802114
0	1.0890163333435758	0.4851537059540372
0	1.5613671593381193	1.4829386301865848
1	0.5738324436470656	-1.2852644155788586
0	-0.17054286869904978	0.8162593265405392
0	-0.5289545151163888	1.43100901497357
0	-0.906790400742028	-2.13430510080782
0	2.5771748654869553	0.38358219110277264
0	1.9837164467263744	-0.6050157972092057
0	2.790161463999075	-0.09782720772197506
0	-2.2542166590867314	0.41721178024600364
0	1.3852048512218653	-0.5846742769362627
0	2.6300427409262266	-0.8108496949939341
0	-1.912601603006039	0.04098290098562952
0	-2.601022395799335	-1.304695126635363
0	1.4467238957403543	-1.3029901546622225
0	0.4468386790794714	0.815247939547804
0	2.0509726605496326	-1.3785528421903872
0	-2.161365740242263	0.7995750010910543
0	1.771603871159341	0.5551095514247414
1	-1.7902360797135328	-2.070968074548716
0	-2.018064342805773	-0.8130775828027861
0	-2.0144052124140424	1.4329312836568469
0	1.8874483213882929	-1.177398637367618
0	0.991183324177201	-0.5572851147712652
0	0.13839254861471595	0.5544730719022758
0	-0.8470170952589848	0.9400686111391146
0	2.2632032448786497	-0.3018466632533948
1	-0.6453293554641877	-0.7170122336299699
0	1.8995966368294628	1.706843834038209
0	-0.36519054857868927	2.0866795965570946
0	-0.7383334234505545	1.1746296609381546
1	-0.22392128598236116	0.10238177107802886
1	-1.1917327550151475	-0.9699188659691116
0	1.4856562810575067	-0.9965332878678783
1	0.016322340554874692	0.6270169263189089
0	-1.6067238291190962	0.5020778650664205
0	2.3974474396474106	1.6819183115357152
0	-0.6966526717607318	0.780540111043367
0	0.26131716668393157	-1.8036963621117814
0	2.438832665787282	1.2623371412675022
0	0.7454279754839526	-1.1976727527772955
0	-2.298611755749816	-0.46076552634282186
0	2.638992741680851	0.3002402475020334
1	0.7662483184285072	2.3948009877407572
0	-0.9905663120574832	3.731902267206433
0	-2.1643675640196767	0.7280676709634193
0	1.764151135621776	-0.21983594246446544
0	0.7204365355710811	0.6414067781766603
0	0.2007665518579289	1.0651865110486032
1	2.3633554983057454	-0.38480115066863
0	1.731583267347185	2.1542536270947865
0	-2.089950721603493	0.27608491102968247
0	-1.1296675932267106	0.597291706909673
0	-1.5090651611132055	0.7991091024653536
1	1.4636777554360618	0.5059039327373468
0	-2.798805391585324	1.0067286005635345
1	0.4193381092278994	-0.7407038238563078
0	1.5747521144441432	-0.6699621047352367
0	2.260593820570497	-1.320185079566034
0	-0.947509507704555	0.5274014767442716
0	1.9275438280320767	0.9347238042145368
0	-2.3362095782687566	0.5493274393822629
0	2.0787137504071094	2.0093909200170446
0	-2.2350680260081055	-0.006715222594855866
1	-0.6162762566377964	0.8024899867110151
0	1.7837721946773222	-1.3100410513671772
0	-2.1004954359073573	-0.46451964296928117
0	-1.624491628604151	0.834645309078933
0	1.3335154103583982	1.0189225328917728
0	1.3202192192764457	-0.35276033719701866
0	0.846885797311784	-0.08591910222968019
0	1.1636906668025997	-1.8214484960169712
0	0.25634666008557705	-0.4284350409679312
0	-1.4892056465582835	1.0684597962237434
0	-0.9258240389764834	0.6902460193278795
0	-1.910413699191446	0.6007988656574516
0	2.4507033680017702	0.05972842461715209
0	0.5003507685967228	0.008475790353811742
1	-0.5948914994181607	-0.7923853673681365
0	-0.22796517813520367	0.8385941042430417
0	2.683700037670892	0.5051675332672677
0	-2.079891581303519	0.5904226175913591
1	0.5173789921007836	-0.6312418112010965
0	0.035332073306795664	-2.584011503845493
1	0.6687254126078868	1.3165832541044347
0	-2.8913388970749567	-0.5746049472100849
0	2.2327434536649093	-1.0353309168517446
0	2.592709694901674	0.8321746942967924
1	0.39079910153525343	-0.4704151679029555
0	1.179904943261354	1.271923660855946
0	2.534996287063774	0.740407139492037
1	1.243431805880392	0.8202831878405731
0	-2.084765742514432	-1.639146853440641
1	0.45773016100087904	1.4543327824636805
1	0.6402902782971354	0.31350063748062723
1	-0.4552159721856839	-0.44313256709544374
0	1.4186654137483368	0.17206616081070128
0	2.606202088614089	-2.131482279477984
0	2.553411077440658	0.49038337377680496
1	-0.29496377157520737	-1.2352458098184858
0	-2.3205717249554683	-1.6232043430122414
0	2.9090471937740077	-1.8268310234614693
0	2.033388518675604	1.3352260499879103
0	-2.252023912780399	-0.7551160724313465
0	2.525051295704234	1.840473251899799
0	2.2193781723727692	-0.6429617556627574
0	0.11302834275643292	-2.048829549111536
0	0.5476526144695755	-1.3398293279383908
0	-0.6059837767792184	1.4829739440083263
0	-2.671430167067812	-0.18707781352400102
0	-0.9888165501245947	-0.6579447557887211
0	1.8171206915880687	0.19202187102334523
0	-2.972207861972383	0.6021392834010539
0	-0.9990049698531349	1.340878579082953
0	-0.6109878384543403	1.7381990758715113
0	0.2243736176275375	-0.43172237494690285
0	2.519133698476563	-1.5912572232984459
0	-0.9219240338042325	-0.4961581933479312
0	-0.9182807886226341	0.3123366078994634
0	1.4250074886584905	-1.156510711452733
0	-0.28669235466115683	-1.1485810978740514
0	-1.6523710623601082	0.4125454578598625
1	-0.28536290320383983	-0.05838282188454137
0	-2.154857877721201	0.03935639449390381
0	-1.9416780809626601	-0.9101944016400834
1	-0.009793363563121549	-0.27648085704692077
1	-0.48644730297271277	-1.1090797731219653
0	2.4890754064086007	1.0682380933497442
0	-0.8256366053002013	1.242299201668503
0	0.4835301016682605	-2.2154254346857125
1	0.7935857275171823	-1.115413032230892
0	-2.921433260469998	-1.7958351061080948
0	0.9812242321002635	-0.7800287212882778
0	-1.9317841987814914	-0.10012556374843302
0	2.766421904816731	-1.739574263638236
0	-2.1080236334813223	-1.1062317757503757
1	-0.5122552576378574	-1.2047488464977982
0	-2.487901991528137	0.24872079527873275
0	2.9812455110756844	0.08321320444350051
1	0.013170061987455739	-0.866085064004704
1	0.5723101039202625	0.21218504656727757
0	-2.5975411356694353	-0.6560161015047185
0	1.4997628223950663	-0.3259861323912639
0	-1.7405664414264854	2.0081425083582443
0	2.3883257366442825	1.6085532621484175
0	-1.769162157107957	-1.559497484313117
0	-1.8558736760180006	0.9956789014550094
0	-2.780701992911431	0.9736758653899105
1	-0.16759832934000451	-1.3779159465031419
0	0.38904679957569854	0.9825331725058327
0	-2.605748163429886	1.8455183020950634
0	1.6531657001700637	-1.3470537674932965
0	-0.28026699151183454	-1.1010033852171164
0	0.14634161596548	1.221193760212203
0	-0.3554235183706309	0.32579437299077757
0	-0.5954216347480443	0.6617715302874279
0	0.3578419878493073	0.4087070596805961
0	-2.068558524415725	0.46883510511377297
0	-1.9084312170283733	-1.5917665539732995
0	2.170713726081104	1.2567812479457379
0	2.676692772801797	1.4035079909133281
1	-0.7601441023214823	-0.2752688928816333
0	-1.3755319611386774	-0.052172339776634914
0	0.8639972594340946	-1.8373290030668665
0	-0.5475949734114218	0.6171057072214018
0	-2.847681866037931	0.6864689300569728
0	-2.063084415802858	-0.0746292203991732
0	1.2958333730843847	1.3492240318446032
0	0.9535436514609081	-0.40089267717592864
0	-2.837424044979099	0.6775271110723203
0	-1.6681670284023034	-1.2235972064305387
1	-1.6135512204715716	-0.028262581049085744
0	1.0313564615923703	-0.209225109483403
0	-2.881736773473815	0.2703695064491299
1	-2.375348508092557	-0.4434323146000303
0	1.799496512239136	-0.15776711480600136
0	-1.9287320276739983	0.9912566057298076
1	0.9164766471112484	-0.5241170846858609
0	-1.5709033137196409	-1.927892520886415
0	-2.403351643443929	2.0995006850465048
0	-1.5409668540032755	1.6577448944285837
0	1.333601591133955	-1.5507152341267423
0	2.1341788086377145	0.8276493662942332
0	1.9813191874019491	-0.6035697246616117
0	-0.6168988222892713	0.31618465839727145
0	1.0085108194238774	0.35306895481619244
0	-1.7700942275050742	-0.2812893603795864
1	-1.2411136184339204	-0.9405187987036757
0	2.3780149111267184	-0.8286492627795112
0	-2.9219884589355836	-1.0994302985774909
0	-2.4869488148731915	-0.9981866498765336
0	-1.752682469123836	-0.08061394805922631
0	-2.8408067767570815	-0.8589119869329022
0	-1.9113873894612161	0.8184624788551439
0	0.49824936581815304	1.7846953864031128
0	-0.4714526964450121	-0.6960638896440515
0	2.3560302664618487	0.28728540064245245
0	1.9046613704306452	0.5996221323635206
0	-0.9490958898127442	0.5664027251031293
0	-1.443459399412245	0.09114632149930489
0	-0.7218455509963988	0.8912189020316669
0	0.5417696550888467	0.5786987432167886
1	-1.3916181550627424	-1.4851949067927575
0	0.7448934470948041	1.0429872772671278
0	-0.5435300868525577	1.0647490047200905
1	0.3122830851118814	-0.9159433250142979
1	-0.3832408251880999	0.04552540253712243
0	-1.233205442748494	0.8199947913732832
0	2.69071984177294	-0.25117658349523386
0	1.5816347649585651	1.287573657319214
0	-2.1593209454012845	2.836646993543233
0	2.2108078553874773	-0.9431832391619788
1	-0.07541281050291815	-1.6572535237845298
0	2.3673133613645483	0.36458231472585084
0	1.799131535683891	0.8658750061513721
1	-0.4487189731845991	-0.27703964861372277
0	-2.865184150079296	1.7439127959852412
1	-1.3879358436903235	-1.6063269596678984
0	0.2498052879652013	0.8315023476379333
0	0.8008693189568836	-0.727032984910672
0	-1.4526738874007863	2.063253487448756
0	-2.163863555563055	2.391018423801742
0	2.0095814207957945	-0.9199879053400174
0	2.906413084221313	-0.6594685630902961
0	0.15414109381611496	1.0315054643757622
0	-1.969924284910179	-0.4645567797474175
0	-1.3661560408837863	-0.054493461518685865
0	-2.8896559407151994	0.030466104650892216
0	2.4857928393629942	-2.3036077874371874
0	-2.293493502659153	-0.0166052953130847
0	0.45909885308552134	-0.8276733288770086
0	-1.355668675876764	-0.5917473868797264
0	0.32506801509476047	1.732358404162577
0	0.9085223301111851	-1.5078082731351075
0	1.97845082224321	0.9758462240975727
0	-1.7614723694363807	-0.3347555163981702
0	-2.934025028049117	-0.33571220219500125
0	-2.1786862195871564	0.9484462752620535
0	2.4001118510886306	0.40806155348266854
0	2.2433404653750912	0.6847355966634371
0	0.58447861302185	1.1618215926394333
0	0.60310116260192	-0.3975700598199873
0	0.9902200472775329	-0.7346840814093003
0	-1.9477723282593025	-1.3021806318693576
0	2.4864716755497582	-0.9904926359747461
0	-0.48737685064756153	3.53891331037047
0	-0.7011688305030153	1.493615496884144
0	0.11350623169702523	-1.6212892394496257
0	-2.7182041993496697	-1.5869495480922842
0	-2.0022997874635236	0.5782392740621898
1	1.4282016985582224	0.6567177568535604
0	-2.503207992449241	0.6586606023808372
0	0.6189126567983294	-0.3059469522644374
0	-1.5279053419120743	-0.15054511200348025
0	-0.6642263157481407	0.3934554289912289
0	-1.2678375793758008	0.10307160755199649
1	-0.8659637012103052	-2.663160447297042
1	1.3142754311054734	-0.27575955669023255
1	-1.2172697062609499	-1.0216877211123763
0	0.39842784178138313	0.21025370269021446
0	-0.143697586805402	3.582310803124092
1	0.9820269921758888	0.44097799856916525
0	2.6209784359485475	-0.3762356234068775
0	1.3954325832615018	1.1061618023727027
0	-1.7103577284554594	0.5792254646510552
0	-2.812901189632292	0.5041133885422096
0	-1.4264157342010495	0.7282207118588052
0	0.5704675842015288	2.4678522777954495
0	-2.6914451190944977	-1.3570661223910987
0	-0.02180251679258216	0.5683584921737453
1	0.581057093501335	-1.111657355977846
0	-0.9945366550982353	0.6666151756106979
0	1.6254732224749313	-1.1024238137833131
1	-2.360410481197369	-0.5008401763261012
0	-2.5491733095851474	-0.35410789708548757
0	1.3691325372216205	1.170980063213651
1	-0.027052102762809227	1.1021453327308965
0	1.1304143785664165	-1.4948608517356614
1	-0.39103596837752264	0.06592093319981847
0	-1.5215878005653591	-0.8514958256990072
0	1.914613906045198	-1.5102058928104014
0	1.7964952738138757	-0.2604204605092445
0	1.1681788251265601	-0.37017934614698367
0	-1.3671291766202238	2.9120597836146267
0	0.5413840012145226	0.5195517904328354
1	-0.834156618359839	-1.6531410009050846
1	-2.450507560040195	-0.6777288050051307
1	2.5038814527734568	1.225659954515278
0	-2.1790882144862316	2.50613132744391
0	2.7014241229248146	-1.9031799746855498
0	-0.3239653622522658	-2.255909262166854
0	-1.8892024269682821	2.2451582104461387
0	0.2514056842701491	0.46753701284508464
0	2.23767501525845	-1.0419512782516398
0	1.3933493184573669	0.6415549033469223
0	1.8393668871686986	-3.1628972868202534
0	0.9527002002643039	0.004050607916593198
0	1.1536593871071146	0.3933854074117023
0	2.0951739093919155	1.1091241674453958
1	-1.5019919468448844	-1.2166751427510452
1	-0.06345021814115714	0.10282459368403084
1	-1.6727433490823866	-1.1105095512715046
0	2.926008047979882	0.3064605068091805
0	2.6643560381196796	-1.0744155868356289
0	-2.7634391317889646	-0.48972100699226473
0	1.2334510350941308	-1.194978473748275
0	2.5514899044939945	0.7813634901883885
0	-1.9165479292359988	1.0301413399879984
1	0.407671383315777	-0.28154468394889653
0	2.4929297855282506	0.045885593952034
0	-2.7963241284852067	-1.738309697560253
1	1.1845216034810395	-0.35961197760814445
0	-1.2159059557646954	-0.06024554045009373
0	2.5463771722591826	3.14495170923597
0	2.8263494709922066	-1.3343604309289963
0	2.6655989346806033	1.757012686502925
0	-0.1547147000552176	1.1962305281589696
0	2.172255905935881	0.33676368538816365
0	2.067296391210422	2.11034458103416
0	-1.0853971605404662	0.44652656712823546
0	1.9734928449040643	0.46699103480151444
0	-2.7779541917070443	-0.06374478362105442
0	0.5776192708923182	1.468282658902353
0	-1.6199469762737817	1.3157630805730605
0	-2.276598685336327	-0.7508127449954549
0	-2.538280790224745	-1.5830966335185208
0	1.177732655268839	-0.2435767648747885
1	-0.9607502173916034	-0.9600462772771756
0	1.3486006291725685	-0.07622948953842612
0	-2.607861955206346	1.484925761620967
1	-1.108257973016338	-0.548761986104148
1	0.2369477542520233	-0.05138805757388985
0	1.744338989033781	0.06962728177007427
0	-1.0874849824075805	1.0181170586463415
0	0.7553482586220546	-2.6962672007815263
0	2.3158664894171226	-0.7280403537183561
0	0.6951791290938276	0.25354043073536725
0	-1.6022431514781974	1.4400947477122334
0	-2.853595310660772	-0.5902829370074462
0	2.2205932434055793	-2.251863247250249
0	-2.8723835348976774	0.7436537351593635
0	2.2482100361051964	-0.7624348665907552
0	0.17362280416327192	-1.4275999909084336
0	2.6344061910773773	-0.7492144676558689
0	1.7926994146419926	-0.22143042918701944
0	2.987604663200025	-0.7256935974458553
1	-0.8957291072897391	-2.646679268518883
0	1.6031297335867611	1.0764794362645587
1	-0.588414518344547	1.5298500495344667
0	-0.12074627817654715	0.7818263896074068
0	0.7650327793102205	-1.3652228045097798
0	2.2420626851180323	-0.24178984073702156
0	2.904500815195771	-0.007825578275349673
0	1.6096404831871087	0.7185532674742923
0	-0.49339930699599766	0.8020085864616969
1	-0.4718579863375787	-0.8810085585341949
0	1.4254938095333491	0.0983946676962725
0	-1.567337125390186	0.5487364855382894
0	-2.337155321211632	1.7469867865761197
1	-0.8722670541553406	0.8454078477896677
0	-1.2765660500755096	0.9468680248506227
0	-1.2221512772640595	0.10059195351523312
0	-1.5983534937005404	1.6925509742442044
0	-2.7474408621818287	0.49171535515139686
0	-2.892756391599517	-1.0333054922082845
0	2.926334338416189	1.6840439641502287
0	-0.43336119758482594	0.8374839270468332
1	-0.6940401170419097	-0.5316528253541787
0	1.0778836961584188	-0.575391560879092
0	-1.690476672809615	0.35589065416891413
0	2.699767103701352	0.5558217543211016
0	1.718070086493312	0.23675071875744771
0	-2.4635339861264427	0.37357040813146186
0	-0.49451534529042984	2.0399488494916564
0	2.274709845372988	1.2858517826818627
0	2.668392133748462	0.22876270951802918
0	-0.19559093250078163	1.1295726969209798
0	0.680468335264246	-1.2390286842330474
0	-1.9977963234475486	0.4775124599361707
0	2.9470117568218592	2.171167619679732
0	-1.6099697916993396	-0.2616550744708486
0	2.656390644810754	-1.0171607143429018
0	0.8978798939542108	-0.7825066663116728
0	0.6464207692731545	-1.307559644810866
0	0.07613106609905174	-0.941714289753244
0	-1.6159811296934479	-0.44460971830803475
0	-1.9408318079669504	-1.6866804230143704
0	-1.6770827455789479	0.018742000739523656
0	-1.881370427134473	1.0827326085439766
0	1.67750684140052	-1.0893074161763043
0	-0.8992484449996194	1.8231407083701225
0	-2.652943940619622	0.6129505062331136
0	2.8146157808448677	1.2366967027488687
0	2.302715309780554	-0.7894014646225644
0	2.566513699171278	1.025430272479939
0	2.9694469358786115	-1.3103206804743757
0	-1.9566285046830763	1.0682970010038104
0	-0.6225478865840475	0.20620720775223747
0	1.549430854224548	0.6639014639817403
0	1.1761237083227538	-1.4107135267498219
1	-2.0766245619608696	-1.0740838107319255
0	1.8949987499437064	0.7166738619040617
0	-1.653356568980036	-1.138017605069041
0	-1.6570943110642615	0.5558475505189476
0	0.22184653736048165	-1.640565367752295
0	0.5576396090502191	1.0178090552000016
0	0.48051724702686727	-1.4790279777222108
0	-2.4510789756134708	0.6627599252154278
0	2.2647651757822818	0.750757120375201
1	-1.4063997444677636	-0.8361261821154898
0	-2.222910472303175	0.6984318805016723
0	2.332488479213863	0.31253071600026716
0	2.73390898937852	-0.6466102274312859
0	2.172765703592704	-1.2102656208914497
0	1.8570964483492682	-2.3551508300070947
0	0.9314518838341304	0.4195800567596324
0	0.30514422365483584	-1.8777633256344661
0	-2.4780794405315394	0.11441303932956984
0	-0.5492807215758075	-0.3161378592986989
0	-0.7638688979261161	0.8149713305258345
0	-1.4414772974380428	-0.36245459938783703
0	1.34052068213151	-0.39533734361650963
0	-0.024745589527375156	0.8782448451459547
0	-2.5137227045541124	0.402069634900941
0	-1.678900788301132	0.3793871486193339
0	1.0995525819575755	0.5631211077702315
0	-2.543214843058199	-1.8426865478485268
0	2.1072414842926124	0.9081464159843783
0	-0.029120837916154052	0.7349625528163227
1	-0.11648053604011199	-1.2200197542917965
0	0.5544467079571058	-0.29289656840904155
0	1.9480857955508952	-0.04716874515315742
1	-0.9131447525868417	-0.16139614128207924
0	1.0680969153543813	0.4006319598822416
1	0.39439178397474617	1.7176401381974202
0	-1.397830378983472	1.2981200732073943
0	2.2717799181309477	-1.5746630321176875
0	1.7845561296415688	0.7464839883672584
0	0.9507110079505532	1.5947199834424914
0	2.1034903745654514	0.4641702248270431
0	2.203765205758814	1.3091765102231603
0	1.2501778602902087	2.4147245348409183
0	2.0220799701820322	1.2284514553283776
0	1.1848287700157023	0.2991703147700746
0	1.0808446305618027	1.2541061689017041
1	0.7116682692911058	0.1738653997162694
0	1.5162998373458478	0.028683651941946563
0	-2.048369368241558	-0.42169708285647906
0	2.2852245551935706	1.8760960305985297
0	2.2310611664713917	-0.9821143991304015
0	-2.824516301792645	1.838841269613739
0	1.9549005033885756	0.5998369484884456
0	-2.226780795159329	-1.6791674097623297
0	-0.9892868744451486	0.4411791515897059
0	1.4610495377496466	-2.520031809181949
0	-2.0354406237101506	0.7506096201972429
0	1.9078021447143731	1.0622777795867893
0	1.9928050677464517	-0.7108271467824643
0	0.04480640256501722	0.1482572351466988
0	-2.9616847696989987	2.3449889205003434
0	-1.2777712009505233	-0.606896045114324
0	0.7015615102544532	-1.2706891044679205
0	2.8871170681645406	1.7779960829551185
0	0.7908811621000105	2.3551046286369535
0	-1.4411785136150412	0.004434806217416791
0	0.8040342185976681	1.2137556424900275
0	0.23991227829513306	1.6097710986370573
0	1.6790723709068613	-0.8909810790460608
0	-2.3581161670382498	-0.5823670024414419
0	1.5661674150121678	1.477049415785682
1	0.24759947205666144	2.0220171344502114
0	2.7779520231539676	0.6754570322092257
1	-0.9487670037678835	-1.055777224202465
0	0.795731358803689	2.3844733340393294
0	2.592168633060105	-0.6371650773743573
0	-2.3849416320559245	-0.4021653374057421
0	2.6233709234187064	0.41080540138754573
0	1.1273143338048799	1.864992504857729
0	-2.5929776453689684	1.0247711718626684
0	-1.1942185983191025	0.4978386004342925
0	1.2490325318716895	0.5559462361417274
0	-2.59589639118737	0.05221760237215929
0	0.49302276105763987	0.6697674174222076
0	-0.9247016582822596	-3.0354720932331634
1	0.7254931066048629	-0.35592895088375803
0	-2.725547797124923	0.28958632190013717
0	2.2292208369142577	-1.3812169003434085
0	2.840933815064382	0.46358798137387197
0	2.8132671317141487	-0.24536546518334582
0	1.497910990457548	2.106570837978588
0	-2.219482559216208	1.8876236702578275
0	1.5495791755741353	-0.5589666829417954
0	-2.852478501247191	-0.18100525388003438
0	-2.8672586908260165	-0.08873707873007111
0	-1.0583386851027525	-0.5419913713915472
1	-0.0681408575720055	0.23402998083375207
0	1.622444506846759	-0.9099384826651082
0	1.099772259639031	-1.3567384019250315
1	-0.3245837617395102	0.7472534686803223
0	-1.3582400023100047	0.755435501066173
0	2.982747000946267	-0.9651789115919908
0	-0.4429121865841621	1.0744265169151195
0	-0.29167785402194735	-0.7578932749983976
0	-2.018257072849985	0.3037982856455774
1	1.7688572924995762	0.9844128151349472
0	1.162093354688932	-0.04033507764445561
0	-1.6753823232674376	0.5456890945693612
0	-2.505713726304944	-0.619715572665086
0	1.0829958124482788	-0.2357599001137166
1	0.9270672856868112	-0.24703131705640843
0	-1.360442838010744	-0.8958940158482867
0	2.7051813735024623	-0.2121289957389385
0	-2.0936526493145986	-1.858341958636496
0	-0.40599119374438875	-0.5893844965705256
0	2.6616955210055933	-0.34185059204360496
1	-0.48163609844326594	-0.30741570299445614
0	0.8311556859845135	-0.2897969350449346
0	-0.6144336122232343	-0.0741170398321547
0	-1.3547087859079798	0.5753298217032766
0	2.903865887758969	1.049420488959027
1	-0.5439959621097419	-0.7797182722179204
0	2.364595222074806	-1.4438410264669732
1	-1.620272364653483	-1.2504532946917235
1	-1.7213717758495002	-0.5846435054339125
0	-2.813195502692932	-0.4223055813798109
0	0.9100009522553103	-0.9239952794369487
1	-0.7888419376574332	-1.5553399970998734
0	2.186149499037822	-0.5473449929690258
0	-0.16074055985065705	0.21771194413676564
0	2.8091605674883304	0.7140353590026777
0	-1.8868469057812731	-0.6689076637299854
0	2.211739007733665	-0.4955973865721208
0	1.6595811167504504	-1.112037970616773
0	1.625531067864312	-0.037727004449731705
0	2.068699368701326	-1.0181143610289776
0	1.566143945657993	0.6877533758894401
0	0.7573219297884926	-2.1430397903209335
1	-2.2125307339056746	-0.43155560694295486
0	-2.8048429230524885	0.3613288070300905
0	2.5250870868941213	0.22060141958700522
0	0.6999018871244282	3.2316403967765956
0	1.779223745857058	0.41976002948148905
0	-0.11086589092469978	-1.2048655162104123
0	-2.2961508662256334	-0.11455709650688763
0	-2.248885246784697	-2.131495600159742
0	1.1133917233738284	-0.09671969915611305
1	-0.41816463060322384	-0.9996672684009104
0	-1.7968516397979797	1.098468330672194
1	-0.050432719551378735	-0.6594483295146418
0	-2.6147463775491957	-0.14011909895429595
0	0.49182841148639245	-0.7626694096852841
0	-1.386039573389414	2.0866216222239973
0	1.7853546038231292	-0.385491319341494
0	-1.1378282464585574	2.199068452175042
0	-0.26867910550919305	0.9769821145419199
0	-2.930276760551396	0.5784800728024634
0	-2.565318673232647	0.4424797767810236
0	-0.6450386615598909	0.4725567578595018
0	-0.12036699169725917	-2.313207095214732
1	0.6001232887158223	-0.33466007298090783
0	-1.2500245277441806	1.0141895654211859
0	1.169891316759255	-0.05867662016892665
0	2.1607343831352273	-1.68622781616429
0	1.6791059333600984	-0.06288534069296334
0	-2.762287047909857	2.0449266195065894
1	-0.11695831645302635	1.4962700586416633
0	-2.370418929490951	-0.07440481123923809
0	-1.5477299048248352	1.141739132469704
0	2.9199755596028787	-0.4398084244416622
0	-2.145026742590921	-2.0446459041920626
1	-0.006671079291863613	-1.1093591857554652
0	0.7089344059087148	1.8754665222098372
1	1.2147898232646241	-0.328791698195165
0	0.3578921009214846	-0.29206077525002166
0	-2.9413749154848983	-0.3598058355298567
0	-1.0412321505360487	2.284963907487608
0	0.10626986030826835	1.9511506984344757
0	-2.472801005131	2.662536280137761
1	-0.8962384127449154	-0.19085425248006155
0	-2.8007813472518004	0.35474938649651405
0	-2.5285290170698755	-1.8199710593049492
0	-0.6184603427904234	1.7723213113419292
0	-2.203705475741638	-1.4013354615215219
0	0.4052450895693491	0.2601306765151549
0	1.1367898148235946	-1.316763033159413
0	1.8035201946544976	-0.7066401920864352
1	-1.7990985345311394	-1.0047149172596403
1	-1.9951045064455815	-0.7294503128109814
0	-2.3725929579935983	-0.6469472437787743
0	0.8185814972618202	-0.6579225539100925
0	1.2388543589214072	1.0000006941363686
1	-2.8104831310461478	-1.325835351675024
0	2.617273477462139	0.2646497124166402
0	-2.6881722980911658	1.46155098276667
1	0.24777801180642278	-0.6158356374160752
0	1.2543631167054983	-0.8615026688971222
0	2.225814742476514	-0.276629550216301
1	1.284521592794567	1.4156702500328522
0	1.8103684984187511	0.23292915714402923
0	-0.9632988447431634	-0.6374571535291181
0	1.8889506824790736	0.5806519814256477
0	-2.5193109216919494	-1.322750579803708
0	2.3688999363631655	0.8176314125315375
1	0.2855542569224174	0.4903287692421211
0	1.9037866197749622	-0.3693701653666609
1	-0.28609029289019894	-1.0063029581366771
0	0.86146617117915	-1.0640171067401487
0	0.15841596561667926	0.6417808036150923
0	1.3895371305319912	1.4747766029868743
0	-2.5102201078164628	-0.7647692964345537
0	-2.637887496056617	0.5500640442617811
0	-1.5173805959391213	-2.5044324223224823
1	-2.04273191932087	-0.7015412767886394
0	2.23070139955321	-0.03727071944508234
1	-1.684716075851734	-1.0916201003782002
0	2.8551915349147876	-1.1238076497475151
1	-0.9786252493733589	-0.8013354677626634
0	-1.9072925058678043	0.3506312739916478
0	1.7381910428548748	-0.22479482208764964
0	0.9522466530052567	-2.6858774799899665
1	-0.010825701281166111	-2.5448401831620795
0	0.3321813056257872	-0.7282382134286105
0	1.3152106696335828	0.5492239032642624
0	-1.6292715520122076	-3.2970058112702816
0	2.9780034963404516	-0.5996762113819567
0	2.848758972880699	-0.6314974278209053
0	0.9019541180816213	1.6660053338501373
0	-1.8027452944251292	-0.46202617405543633
0	1.0813694545877475	0.45958678168911415
0	-2.566809546124945	0.16950856810495588
0	-2.816084986765164	-2.556679775768641
0	-1.453902668932718	0.9218486599580847
1	-0.22426225956410217	0.25847580654754554
1	2.209635032450283	0.6099223676095075
0	1.3630144185978477	4.711485247723592
0	1.4562391271998862	-2.500935527398306
0	-0.44703999331154787	2.06963597971333
1	-0.9243900447182227	-0.3449370232804267
0	-0.7737674220923836	0.3447946852836111
0	2.9258973824163466	-0.0546146943614906
0	-2.759344851525105	-0.5090836000776522
0	2.202188976734691	-0.6837995138865105
1	0.4720524514343607	0.395410482687611
1	-0.36830748486245746	-1.8206084360060149
0	1.3515459624908193	0.9006950010261187
0	-0.07998635145178312	-0.49943328586230473
0	2.2405394284899636	-1.3560832068484292
0	2.4042111840675506	-0.5400154295949764
0	-0.4696744387592675	1.5085790602350875
0	-1.3390332165896905	-0.6424021044194678
1	0.5541019715601734	0.43014434185154427
0	2.474180073700146	-0.8771475308585679
0	-1.7360268659660005	0.9095062199083435
0	0.7377995013808967	0.822609286548245
0	0.7893613205551233	2.2183305999556935
0	1.3986781344916857	-0.21067673459905858
0	-2.210593889236441	0.8023857657094879
0	1.2949497880925316	0.11768104744673345
1	2.4541951239938458	1.555046138235617
1	-1.9219013467785482	-0.8625988651304765
0	-1.5747400504567342	0.8940063754527373
0	2.8283705642498376	-0.23363675534001802
0	-1.9141382837430614	-0.0770258125301973
0	2.1263105602174743	0.11010298133804743
0	-0.04633286131179126	0.30268847571201285
0	-1.5166135535809377	-0.1394748517463498
0	2.2244994076350686	0.2576558198046316
0	-0.32816846998400706	1.8937416690746214
0	0.08890412357814093	1.182539622738262
0	-0.8445997836014056	1.0429855109962758
0	0.5577051086095643	-0.5466474312286448
1	-2.0188567644898634	-1.0670889938739891
0	-0.6535107800894355	1.1463606698853033
0	2.816473934011725	1.051256151035753
0	-1.4511994037932348	1.7672048109011784
0	0.9404199872477532	-0.7247767511630754
1	-1.0488596146518308	-0.2754583864324165
0	1.6408387541196037	-1.967380995030521
0	-2.214758035689901	-0.4709653272730475
0	2.818926270471268	1.1958846126953366
0	-0.2772627516981645	-0.5597944550738375
0	-1.5836972199212163	0.7685757542409885
0	-2.559019516019924	-0.2286037271973736
0	-1.9814525694747556	0.3888684338658727
1	0.1186436913361062	-1.3772296677788007
0	-0.977980941412282	0.10225133956068128
0	1.973300195295657	-3.5893631650808677
1	-0.4146748580291644	-0.2242753897943818
1	-1.5077143644742206	-1.956567892458168
0	0.7028699196241801	1.447193419856179
0	1.2406633013126749	0.9328888233174134
0	-1.9977485525943008	0.5600051783592972
0	-1.994284702270094	1.825207472591256
0	-2.779971438398742	-1.1386998249898046
0	1.4184120903938435	2.0968358374986695
0	0.9828271657308303	1.1186298771124616
1	-0.1522147455011167	-0.28386634466273525
0	2.065022693815183	1.362744176619533
0	1.834020917700319	-1.327552214893961
1	0.5121261863805131	-0.9894169938332082
0	2.2096276830795514	-0.7303076678876405
1	-1.7649527397793905	-0.6347732496768183
0	-2.3284822836136327	-1.2678691713123034
0	-1.3815023308980623	1.46769968051439
0	-2.657478863464111	-0.31062528044379795
1	0.18701716800619206	0.42300596202825547
0	2.619634153769769	-0.6844216396964167
0	-2.763938755988942	-2.1847239606582205
0	-2.267340515939839	0.3240688300697065
1	-0.28680583029938855	-2.294705970503732
0	2.6032501051674295	-0.08236085530256233
0	-1.103063370139497	-1.6419780465993725
0	0.043408852130354614	2.3847311990769695
0	-2.7505628456976474	1.093635266609666
0	-2.109940794227467	0.1269045495257765
0	2.919780737753081	1.5164480131856022
0	2.790712178616273	-1.015579172958883
0	-2.970360114393542	0.6521752544041116
0	2.7108707125394336	0.23977252046245617
0	0.8347196268930022	0.316824097600404
0	2.2075097671201327	1.5268242001281214
1	-0.2715608661968454	0.8789905233357627
0	0.09357617147550146	0.3464683953900279
1	-0.0669205184584789	-1.9858649234739554
0	1.001185545276626	-1.1520555543353563
0	-2.1620924714621226	-0.14725072031486897
0	-2.820158460763932	0.11204684913198149
1	-1.1524203504528545	-1.3562444696087086
0	1.2280845764198798	2.894012010694105
0	-1.7888792872623098	1.8196728663042874
1	1.0405945999495039	0.7225419844709802
0	2.819472276643623	0.0864442335404937
0	-2.43659570526349	-0.254650763881382
0	1.035612709350758	-1.1423021520266827
1	-0.3374986841725729	0.09297662222263504
0	2.208853526265032	0.3093030481713008
1	-1.9371012633156846	-1.4901126905779492
1	1.155755713356987	0.4010117006938769
0	2.0286917378886615	-0.1863108585896985
0	2.667685316844139	-2.289369069452869
1	1.0994881697378744	-1.0324620129354023
1	-0.016951415949436388	-0.49632664010597305
1	0.7070834412072831	2.265225188808228
1	2.2134299068723093	0.6678637494405097
0	0.42365847983297833	-1.6025778829198696
0	-2.817677641818979	0.5832435473011643
0	2.585692173041867	-1.8567647867260386
0	1.1371605061893666	1.2992292646644878
0	1.059080314663479	-0.5653495821814543
0	-1.705949085613697	-0.11236342648700501
1	0.9533128213959432	1.590955977050628
1	-0.6368135660750491	-1.5445962823011
0	0.9073978622489527	-1.6765418221355894
0	-2.3604418181520557	-0.7003191916152058
0	0.947071827618216	1.2460546212231798
0	2.996482354624	-1.8232152905722108
0	-2.710727766836664	-3.3985867177326825
0	2.8630451053279042	-0.5413906300907985
0	-0.5585522356627761	0.6620889598931045
0	2.224520702023555	1.440314099686595
0	1.6943129043496405	-0.5557936345024788
1	0.4020975659200068	-0.49371192853920287
0	1.4306952555079588	1.3846808811068967
0	2.2710933678080876	-2.2436900396345045
0	-0.5751580700938019	-0.4662249302196111
0	-1.0378010306205678	0.22850866791006927
1	1.0055603133815083	0.5390624655420411
0	1.8470756516475513	-0.611768031829059
0	1.573710808659694	0.04132921404700962
0	1.786881893151807	-2.9859928240955873
1	-0.3865001111224018	-0.789898094800618
0	1.90700529705013	0.5442104550653608
0	-2.2787456677763496	-1.1787528411056154
1	0.26693458776509704	0.07078106590751684
0	-2.965448037011271	0.5362470009632376
1	-1.0524850205983782	-0.41105904102931795
0	-0.801230790771613	0.20455652519588507
0	-0.6229638503444677	-1.1552790783415348
0	1.1728032401391726	-0.24793353563525597
0	-0.6686513923779254	0.732259403507067
1	-0.3078382642648161	0.18836755316212106
0	-1.5747352147540352	-0.7038375234767226
0	-0.7604892502239595	0.2690596851489516
0	-1.6363822364210912	0.8575317487639416
0	-2.560824457389338	-2.4599295342929737
0	0.6206915602882672	1.3908888779470772
1	1.0092767913300973	-0.40350568641728635
0	0.7169420760576868	0.5105879198882763
0	-0.21903573719656588	1.4366963083742734
1	-0.7212853189246209	-1.646008436676559
0	2.1800018974309516	-0.8513292029130559
1	0.1144907108173081	-0.34625843505084575
1	-0.12490873422161419	-0.9405042253493139
0	-2.846147605161386	2.08192389100417
1	-0.9525130342430619	-1.0281265125921513
1	-0.7188262872848576	-0.6666561353842398
0	-0.6070633146185971	0.24526683792357212
1	0.4810342153639935	-1.4425794312913065
1	0.20161528036127052	-0.4748168541075166
1	0.6474305567606677	0.3809439135002102
0	1.5892995692527698	-0.3994324852590135
0	1.8779144322965609	-0.11206423067993794
0	1.3087384573589667	-0.635198534938045
0	2.7331421757296077	-1.8173643710169203
0	-2.89060450394183	0.3859118536070863
0	-1.8253320858987234	2.1059196859766898
0	-2.954622750131147	0.022081956940125755
0	0.8848482849276182	0.2703169406970594
0	2.388183293699921	0.8312673061402313
1	-1.5391062205422044	-1.523196595856039
0	2.56220726877784	2.0430175897555265
0	-2.6383956582626347	0.2427945557073624
0	2.6066161608330862	1.9582282789069305
0	-0.8902638765621935	-0.8796395946287873
0	-2.3914750293047007	2.1816743070693896
0	-0.08476944488204641	0.9301865928417397
0	-1.4593405936769523	0.6636481030228301
0	-1.290762588228463	0.2808293452237775
1	-1.1562602104422806	-0.2982343416893392
0	1.818155386995981	1.440637990168647
1	0.23496766005152692	0.16843184381765636
0	-1.1321538050639781	-2.3604836443045825
0	0.6620026998655102	-1.340623754048403
0	1.2969040453391614	-0.22301490263129675
0	-1.3642559955987974	0.3719987797986661
1	-0.5187053908478907	-0.067906186679875
0	-2.2686834399783145	1.4627649477523958
0	-1.913103902791918	-2.3413222368463495
0	1.086707123789897	0.1723055238061922
1	-1.9113699138262383	-2.1815750704645858
0	0.150980302002361	0.9116547545810021
0	1.2542775703345956	-0.1133504573304033
0	-2.358738461431537	0.5035319664289417
0	0.4038733177734213	-1.0366595527077194
0	-1.4606232977918174	1.5353579179893013
0	2.777561251425479	1.2500695968706215
0	-0.09872611968045142	0.7002531636142652
0	1.8359552986509486	-0.15542069623612892
0	0.3013592529375706	0.6958287423541586
0	-2.739524802871085	-0.8482710815848187
1	0.7989082535641341	1.0266667908248543
0	2.7084200532399425	1.979377073188705
0	0.6096709208779871	1.2847326719750234
0	1.9151331565607412	-0.8755229637688914
0	2.3052387800904466	0.43370078072772345
0	-1.6315213683064052	-1.5517698525103774
0	-1.7277309605506401	0.6868683734108109
0	0.6658859331059501	0.5407240954350466
0	-0.5338291811597715	-2.2437796074385967
0	2.0391678172003225	-1.3941406126948366
0	2.4001387403880674	-0.33976667609252054
1	-0.8794717241836914	-0.3610316965689915
0	-1.5787766461531076	-1.4513723225025663
0	1.6831530914631712	0.4667744752226205
0	-1.3511637867111834	0.3017683307286145
0	1.9356859110820706	-0.23312295837422314
0	-0.457570478107423	-0.9069498001900355
0	1.005299395748823	1.2584485516998762
0	-2.426788116991991	1.9864885357059543
1	0.7431559480594379	-0.5802737806158444
1	-0.2893939275766253	-0.7346003005857848
0	0.5196507790528448	0.5894491984943955
1	-1.9919147535308195	-0.42963525569638344
1	1.421242469665093	-0.16727664079588098
0	2.1767824652593717	0.8875837820696056
0	-1.6995611994553461	-2.2912273050087513
0	-2.4257126668790296	1.5819627898232032
1	-2.8581684837219816	0.0872166291952096
0	0.851829002659596	-0.4937917734746162
1	0.6425642165326844	-0.10708098506573871
0	0.2801844762844201	-0.045084773975377516
1	-1.6083174233041475	-2.0774415641339106
0	-0.6545640245669118	1.793925872943883
0	0.5668580111170383	0.04959075872474216
0	-0.01939884684498372	0.5316025565368502
0	2.926713121289324	1.1418597246888513
1	-2.1813614846596012	-1.2253949490723601
0	1.1708673242855632	0.5681662788422741
1	-0.5740873913742472	-0.3211693090785523
0	-0.43080231044631123	1.0161249302597923
0	1.305586593949057	-2.552672904421794
0	1.1546169079462176	-0.1189131602895228
0	2.94753596221313	-0.7233847869407539
0	-2.2296342632752486	0.5187155407609866
0	-2.3753421036950018	0.5640530248418425
0	1.3460329027724471	-0.8491510737864313
0	0.4703215020384546	-0.8546086370112522
1	-1.3550360006411648	-0.13279844226879534
0	-2.5234837860660804	-1.0759706727782496
0	-2.486050502421417	1.0103804345425522
0	2.36514524798471	-0.4430486405369354
0	-1.8487960516875426	-3.4883858631859694
0	-1.0597706273068754	-0.44978646794616733
0	-1.6400615866380719	-1.2462525850127668
1	-0.8700221650083764	-1.9575309785531345
0	-2.58345694352344	-1.4849119658670868
1	0.11435874544962221	0.13129016619956407
0	-2.5943246184467106	1.5943689938978773
0	1.802139046934169	0.375821368637976
0	-1.5977275085374019	-0.7278040658588876
0	0.24007148762706354	0.5470850342048432
0	2.2804745253687493	-0.5509083722627901
0	0.9052642142831653	-0.8335204429957735
1	0.1977467193080118	-1.3852352018795813
1	-1.0539974813077464	-2.102194568102063
0	-1.0019885216508124	-0.46790844787133434
1	1.0169217311891412	0.1896641879041582
0	2.9648361673270056	-0.11594840401786766
0	0.9710351390962719	-0.4991603135368303
1	0.3467005042201494	-1.1348952728361372
0	1.3839030614354764	0.7298954300219622
1	-0.20876632629769087	-1.580558303935902
0	-2.6391459443952887	0.9312334966121704
0	0.37378089526745883	-1.2026604227120696
0	2.745751707032281	-0.9029222848236419
0	-1.9481823458540422	-1.7601422287388124
0	1.1400293449239944	-0.601682576262764
0	-1.7943978680456611	1.1703749501735745
1	0.21496610683848782	0.6187537061327477
0	-2.4199413021196823	1.174106534433642
0	-0.29777438245088916	0.626571055120723
0	1.5369799733714764	-1.324403794236443
1	-0.9145708545661075	-0.3969470691930688
0	0.9894703469233082	-0.9362389549409552
0	1.772699764738375	1.5966898848468483
0	2.563066916876716	-1.4361463757115738
0	-1.5921475088672787	1.072437227266933
0	-0.6041045051441509	1.071544644130523
0	-2.085503920017495	2.1955442420593045
0	2.954901012950251	-0.49162391115539683
0	2.5620058075457717	0.8547865914961945
0	0.23974278168335772	2.7379822038466113
0	2.0521997662585276	-0.741170012320436
0	0.12574786363225332	-1.8420482970388314
0	0.7415141280165582	-2.2560120406893165
0	-2.4652534073039005	0.8552544346335976
0	1.5316225229808476	-2.2597802496703006
0	-2.2337190981885913	-0.4467828635255074
0	1.95640578151517	0.5247758244467529
0	1.6921685260223152	0.22221064419589687
0	1.2524681864578584	0.5105338370210067
0	-2.7830377168514273	0.26674782696102484
0	-1.1812298643280283	1.534638975976072
0	-1.4213245805349428	-1.1427796568865562
1	-0.8391815551708852	-0.8123941661502375
0	-2.4741435194169688	-0.9271913343249887
0	2.6217469381863765	0.9962301742351322
1	0.3228134442742574	1.0804783060740764
0	-1.1668541360518587	0.5414703831822097
0	-0.6181108975542995	1.4201924002679134
1	-0.31678475697098607	-1.4136490408516569
0	0.6035660001637035	2.0006689338613644
0	0.09407656617898663	1.8278863460547097
0	2.5163518392865036	0.8827463966948961
0	-0.018219102565018463	2.138158690525272
0	2.952948088939876	-1.9879478492133285
0	2.1085497464705742	-0.6293377635151822
1	-1.7489369138559852	-0.8823641528183427
0	2.5835712878634975	0.8657751885088119
1	-2.3018016126871435	-1.2601688875225747
0	1.904698250947149	0.9089941792049826
0	-0.7162602391405195	1.644643372796056
0	2.267845922670417	0.8342434801007992
0	2.208340140644702	0.3405012283938013
0	1.8355524007057271	-1.185448009080899
0	1.7401826178423683	-1.0162211593504376
0	-1.1719251654117553	1.499542686356
0	-2.514484301692487	0.9352188046863987
0	-0.5821189274090313	-0.046823423253052936
0	-1.958852910080948	-0.5014914549190687
0	1.1697065334147698	-2.430969447733652
0	-0.923401640773287	-1.2850229024213264
0	2.853661205159489	2.293702904567668
0	0.8458324640719921	-1.5365466852029601
0	1.9348833818061655	0.22737578546529677
0	-2.2048519635489097	1.208932767834238
0	2.1720868936357354	-1.5059072016027508
0	2.536543143080366	0.22165256973729994
1	-0.07762848708638437	1.125498645012786
0	0.6375176265058649	0.014999186288700402
0	1.5888588054179724	3.442083666800122
0	-1.9509682364375247	-2.002319110653834
1	0.01539645878065432	1.2704742358606547
1	-0.6080218333661214	-0.20736208487575725
0	-2.1217560470265053	0.9263041858040101
0	-0.7947934662508116	0.529568582039095
0	-2.5909661436870386	-0.8797874365319959
0	-2.8451285583030783	0.27479567095120827
0	-2.189002265071063	-2.2294817416779447
0	2.7786906695350435	0.7238970006856725
1	0.2971772153701018	0.3577901591886308
0	2.79493296691932	0.7663922023717228
0	-0.4050127300192079	1.26974199010458
0	-1.1291032014884426	0.44114380825165306
1	0.03685117704146457	0.17770730375793142
1	-0.3629298682025395	-1.0572820039935507
0	-2.3660118944295365	-0.8546649163788611
0	0.8449578881412374	1.4240815442127972
0	-1.7037709049424024	1.7236024868471742
1	0.7175277293869775	-0.2857325235744649
0	0.9012065543889203	0.05520329670392894
1	-2.0878508812281114	-1.0855372499925193
0	-2.631902237335991	1.4073082143209337
0	1.6845695164106385	0.7985001884301344
0	-0.24119745738407872	2.329460923756499
0	-2.651017226967145	-1.0539876926156866
0	2.9691979030186033	-0.4536094788218606
0	-2.6533166340218	0.27773510703068677
0	1.1702113731513188	0.7757874452709248
0	2.9020735515804814	-0.2588011650571588
0	-1.5649193747044463	-1.0475533085444404
0	-2.146503787876823	1.0576890347082852
0	-2.2716903634654266	0.8653624350546979
0	-1.1803491145944267	-1.0995289206764698
0	-2.39372513393612	1.6265313613265948
0	1.152968050164791	1.4042384510359245
0	-2.6262492112196236	0.16115579669735144
1	0.05653276889873826	0.09551743485124366
0	2.9801811231178608	0.6648693253390886
0	1.883821617036113	-1.0340436843075098
1	0.6913166293860655	0.03603777499689861
0	-1.16247827528033	-2.5828602535310163
0	0.7433750177498308	1.0517467746035225
0	0.16224878346990979	-1.8737918669302311
0	-0.4434996966577711	1.8041037941147988
0	-2.2157377395588034	-0.3961441127597404
0	2.319625291442801	-0.25400037831741223
1	-0.3012921070720651	-0.7532806873014067
1	-1.8322649290754096	-0.34564664870649164
0	-0.7934438947362623	1.7022376141776439
1	-0.515221484826438	-2.9853703878420954
0	1.9652273734012455	1.5323584633058254
0	1.401686283368412	0.40562817732204975
0	1.6158293618480393	-1.4484259774286585
0	-2.9338124134281167	-1.2903748716590855
0	-0.503076010921431	2.0116716326498434
1	-0.11193509018805825	-1.1346082559312773
0	-2.88484633906166	-1.3840206127151513
0	-1.4411207475297947	1.364777450837675
0	1.5617389387328098	0.40626345154309706
0	-2.1773417656260055	-1.1255106918436786
1	0.21186078871554992	0.2599499704855428
1	-1.708788767896575	-1.2309032203683328
0	-2.9272753521366406	1.320985678107126
0	-1.5527912544027511	1.2736451578477601
0	2.855242529460323	0.6384074385863318
0	1.8092226712979373	0.43399327349641986
0	2.757459865926201	2.1134257498408484
1	-0.07287573644182554	-0.0003764071341296545
0	-2.341582807934979	-1.4182489505049614
0	0.2877569338421577	0.5393686953987682
0	-0.27373599264023474	2.5032564594445366
0	2.0661424964376955	-1.2177113918230225
0	-2.4115045152945322	-0.4337553200327829
1	-0.07055317786933113	0.49973524572174316
0	-2.0997080118360945	-0.06468581880688698
1	-1.0519444386596402	-1.1787642964527774
0	1.4241424643267981	1.346229427476565
0	-0.14389122378740105	2.784048866420711
1	-0.7446702891253842	0.2353577508286888
1	-0.6331423285797881	-1.0848819476832003
1	-0.24331938956408017	-1.85875263006417
0	1.7100992630223413	0.309571177465417
0	2.3525081336414067	1.3246528119795091
0	2.73200811902357	0.5702012957944579
0	1.7214203175317708	-0.002884609102624613
1	-1.1075586255119236	-0.7071259821471674
0	1.1288082365192533	-1.3105963592617076
1	-0.37438125566764846	1.0017015915898586
0	-1.471976267723693	1.0965259456627028
0	2.0452294765555354	-1.8548757440288797
0	-2.7694419062260502	1.9078067738168205
0	2.410571952812541	0.6888854650728016
0	-0.23113521225159506	1.679513574174952
0	0.8232088608496824	-1.610553298182138
0	0.9561235332346962	-1.6389889864985265
0	2.370706444239218	-0.1787631717207563
0	0.8200180930032439	0.603341312274233
0	0.6836015085603706	2.155632987512356
0	-2.60008775663586	0.8472946965781578
1	0.11044813167122447	-0.29121753217443996
1	-2.09898599509775	-1.2316430491990704
0	1.424602612328913	1.47600068726298
1	0.0733315248760471	-1.1576465109008578
0	1.0813666752501199	1.9541622657267859
0	-2.7499625963856946	-0.34126157952781117
0	-2.4912479037251805	1.9086984871414203
0	1.297940328376093	0.814717548071134
0	-2.56749398400796	-0.16439458733094992
0	-2.5724596334084486	-0.6232756461913519
0	-2.9273491485906753	-0.40908945281529574
0	2.739008389796881	0.513980030850285
0	1.4250501567540415	0.09258779546126009
0	-0.8804915489876151	-0.7125736896824462
1	-1.2207865122740686	-0.19875769238115867
0	-0.9017806215249027	0.09429243566297976
0	1.647921187087091	-2.5544809132977746
1	0.9682236664224861	0.5498017377464384
0	-1.8888265927951924	-1.175665469660168
0	-1.955343987995494	-1.383998883846894
0	-2.409626101719616	-2.0248132165328525
0	0.9618163182080286	-2.152670997441468
0	1.5862359733304157	-1.626537003734747
0	-1.4097214300499759	-0.8508251491565885
0	-2.874330233814523	2.3439109650318817
0	-2.5069699951414357	-0.6310556110742447
0	2.807160209070183	0.2133001275216376
0	-1.2273313351354784	0.4805776638075944
1	1.615338887028802	0.15727822345901846
1	0.7479814131255829	-0.09293215287119237
1	-0.7083621620826248	-1.4343525163190936
0	-1.7658764268266693	1.7411130579350542
0	-2.2716814910435614	2.168635972365462
0	0.6900778082332	-2.019190432947223
0	1.6478026838267281	-1.2288343090636553
1	0.8634255212467838	-0.3357724108524073
0	0.1818127994949501	-1.1574453538922296
0	-2.7482926594101826	0.6071586641470382
0	2.8109326655663027	-0.8739266428879356
0	1.792285149927448	2.5980672813679226
0	-1.2430677797942116	1.4286583132123152
0	2.879821976153104	0.25508883675865784
1	0.6112895378179326	1.2323835159836787
0	0.4945359492434789	1.3270805092287707
0	1.4884390765771922	-0.6767369856698918
0	1.8706187285408253	-0.9794606934503577
0	0.9388716439890157	0.09377167556357693
0	-2.2314255218028	1.0339633493975329
0	-0.9703949640330096	0.16687247838410119
0	2.568501841956298	-1.8923957786291965
0	-1.6523063289368884	-0.9633893327410107
1	-0.7669978569749203	-0.08876743631325364
0	-0.4075387023348238	-0.09079872519099631
0	-0.3635700618332871	2.3670506121477697
0	0.6776374949671533	-1.6631855308787975
0	2.6584550264682454	0.6067070902030495
0	-1.5558437290049703	1.7869357299939475
0	-2.2709917421944916	2.725739694507355
1	-1.815177060840376	-0.4852769078207535
1	2.3215494012556173	0.5897153432642397
0	0.8748648759312361	0.6837124286383763
0	-1.2845592645650392	0.23457807786394896
0	1.8956816338117033	-0.11861424148716726
0	2.168219978180616	0.523170467400055
0	2.079086032141668	-3.0386953022636223
0	2.5135592018373263	0.8184833880751575
1	-1.4865538789598305	0.15141348439436061
0	1.5302515724776695	-0.2669698761339184
0	-0.23676301635515973	2.456234634863469
0	2.051991317340369	-0.8099208225486627
0	1.370944062969679	-0.4836911868780369
0	1.6586846789983483	2.3898639626456806
0	0.9369710260864288	-0.9984735658198279
0	-1.9354273831817588	-0.6601383395238466
1	0.27016151338162997	-0.17643050811701996
0	2.9080184371470494	1.0088813785554591
1	2.6243283989827138	0.24936300882397608
0	-2.74095758521793	-1.551150416582715
0	-2.0111111056233772	-0.6386022757526274
1	-2.2096273592726288	-0.7288253198546536
0	1.3558794599117725	-0.09266525426765468
0	1.9067119791416705	0.5110123903557949
0	-1.7189318021359685	0.5018469070655664
0	0.03511615771097398	-2.1312141048580826
0	2.0442181680672	1.2767291850730274
0	1.3968092685975035	0.3030826151959482
0	0.2534232329510897	1.6614384571126875
0	0.5420861427526376	0.5330379927488063
0	0.05016328149767979	1.3215875492829146
0	-1.2147092920870766	0.5598543737401523
1	0.39013195715409665	1.6154709074432978
0	1.1333118123005441	0.6267007632213343
0	2.2399374951648463	-0.11749829573148486
0	0.8177481238754885	2.726921664536258
0	1.5667292222589477	1.0668445467358705
0	-2.039570190272562	0.6884933052052957
0	-0.23065515348126064	-1.531565299846003
0	-2.94401028103744	-1.5459691409562453
0	-1.5199268128702619	0.3512585785702241
0	1.358770290678029	0.17462543732188895
0	2.9508597080961803	-0.7369470780099794
0	-2.404931402476705	0.169179239534472
0	-0.5910341048322705	1.9063523136523148
0	1.8004258121949572	0.8344829694603584
1	-1.775786192226607	-1.3692102117032858
0	0.3305096958137175	-0.13381059257153244
0	1.3984277761780488	-0.965959777023073
1	0.695912701561074	-0.46523989969027335
0	-1.8718515923075032	-0.4963387987555713
0	-0.8676925878855632	-0.5731746991248062
0	1.7027507069123828	-1.5061624463680738
1	0.32535908479209974	-0.15318561782182813
0	-2.968622318742524	-0.672729164216772
0	1.565944560168563	-3.5153384280027216
0	-2.7881318703585656	2.4635664294019954
0	1.4744026963873926	1.3065235850600063
0	-1.7851166390085755	-0.4515608699099952
0	2.748440880716281	0.022582859688718107
0	-0.7923554921874931	-1.405985216781074
0	-1.0384103019715254	2.0348674533730384
0	-2.106671698005332	2.276746433727734
0	-1.1663747070587107	0.18803247389582953
0	2.259904570969203	1.2282367730224135
0	2.9780060257634844	0.21034413472070862
0	-0.7901428169589098	-1.6040705266511168
1	-0.3083362142727446	-0.4941880427563887
1	1.3324256292164218	0.15831356012634848
0	2.317174682790447	-0.545457262492133
1	0.5582660051207049	-0.26238393292204315
1	-0.6508458109330242	-0.10967946901093734
1	-0.5242689549082575	-0.09705419743855356
0	1.1737088789808414	0.06271018859697985
0	-2.980690418374328	-1.272726079675921
0	0.7175360247590441	-0.8604193789535234
1	-0.8670419373518556	-1.5415011188399632
0	1.765183987662505	1.1733786596234403
0	-2.442056161061207	-2.5267763302083894
0	0.5292136016903433	1.3843084119803104
0	-0.11416266068325776	1.6636192767154119
1	0.8539531554313644	-0.36261670437914567
0	-2.61087843310219	-3.1237645053927583
1	0.4799027245687877	-0.4335726743607486
1	0.3689075277571421	-0.07702099354658314
0	0.3639605664970258	-1.212717863914696
0	0.6209259995787288	-0.6182620725698913
0	1.0588076233581738	1.8362342386360215
0	1.829933998084618	0.7979125947620892
1	-1.381075679230714	-1.1094769372537199
0	1.950296461080372	-1.9171190035145185
1	-0.010465906419278248	-0.3924207811317253
0	-2.5376503251940132	-0.2561481352205259
0	-2.648694424536125	0.5954390248359795
1	-0.994570087823635	-0.6423800550811908
0	1.7093818626688053	0.6137994904342337
1	1.2460856084454948	2.322184848072275
0	1.7316897880344388	0.978601226933115
1	0.10361433864965619	-0.0577062087969271
0	-0.35880601226705666	-0.21978056526395362
0	-2.115284839762296	-0.4280077610158455
0	-1.0308434783441307	1.4167690949425735
1	-0.39588380295674863	-0.7527761351415635
0	-2.4683974219222966	0.05426725079997907
0	-1.6763282837327325	0.0614374822573024
0	0.5893517643824326	-0.6021410313738383
0	1.413978685435139	-1.646958657460921
0	2.990085068357698	0.3875694043412018
0	2.5986799880613463	-0.07320476622646026
1	0.8553911972111492	0.6002885633238838
1	-0.4725116802355682	-0.6403203677270003
1	0.8170641882493963	1.4649855585756573
0	1.713909708481392	-1.0521285374542138
0	-2.289982854459676	2.054448340821471
1	-0.5405706618222705	-2.097163811793914
0	2.0388137138137035	0.5217240774682693
0	-0.6970022884017357	0.5705168190319482
1	0.43123362736311943	-0.9546684815290587
0	0.5266161651731895	0.5092727254332151
0	-1.8931424811981639	1.5354224037121906
0	-0.8265873500862697	-2.6601826072248773
0	-0.9929322675484071	0.6032937689889776
0	-2.842819748807611	-2.991924984396093
0	-2.8548494166518683	-1.1587977642278495
0	1.990182262054641	1.954999637881134
0	-1.3615751401631255	-0.6981384400704648
0	0.10847259743289239	-1.408655957290767
0	-1.2076465584673617	-0.23752527478161822
0	2.6440754706920426	2.4814876057962625
1	-1.4442194468053575	-2.1980186966472313
0	-0.4220591235663895	-1.2615718939672134
0	2.2363815029076113	1.7969180198155517
0	2.051601400750852	2.2292428122452788
0	-1.883391492922336	-0.12411746914834071
0	1.815859858774262	-1.4868632430319708
0	-0.2508786795726441	2.5150122021709906
0	-0.10218676748786848	1.9133308700990361
1	-2.199120165504337	0.8147363853146795
0	-2.516390917457252	-0.974882818724904
0	1.3676358418425911	-0.05883520900564408
1	-0.021233085868201496	-0.19243209725379692
1	-0.3788957843089227	0.39702156553869333
1	1.3770493719143806	1.7412017257576033
0	1.5930773939466585	1.0553004493648837
1	-2.0465509939838786	-1.29285129238171
0	0.6613508968658479	1.6517957400234453
0	-2.187875506333887	0.3757585680157864
1	1.5082505161742743	0.8244789550306995
0	0.9417309376028369	1.7598490311343233
0	2.7396877265007475	-1.3338962994162613
0	-2.586251901861473	-0.042990694447755516
1	-2.657671673092474	-0.637745461631058
1	-1.3068775518407991	-1.881431310438547
