seed,scenario,divergence_gens,n_near_tags,n_far_tags,r2_near_pop0,r2_near_pop1,ratio_near,r2_far_pop0,r2_far_pop1,ratio_far,r2_far_pop1_het_neutral,ratio_far_het_neutral,r2_far_pop1_ld_destroy,ratio_far_ld_destroy,delta_ratio_near_minus_far,delta_ratio_het_intervention,delta_ratio_ld_destroy,r2_null_pop0,r2_null_pop1,mean_abs_maf_diff_near,mean_abs_maf_diff_far,delta_hetero_far_pop1_minus_pop0,beta_corr_far_pop0_vs_pop1
1,divergence,0,378,378,0.6194115069105304,0.6097755229206271,0.9844433242159721,0.4892209135701065,0.4599881200777997,0.9402462309328122,0.45822586180097935,0.9366440581148919,0.0016570905546261477,0.003387203017412874,0.044197093283159905,-0.0036021728179203016,-0.9368590279153993,0.0025159772212576207,0.0008189758720849416,0.0059408068783068785,0.006985504850088184,-0.00043767022385735044,0.866480687859796
3,divergence,0,377,377,0.5987516017156627,0.6065792496911862,1.0130732810619532,0.4568565634086951,0.4260254429333134,0.9325146600820512,0.42127008454695014,0.9221057948774395,3.471578688342338e-06,7.59883728590921e-06,0.08055862097990196,-0.010408865204611706,-0.9325070612447652,0.0005828530624816278,0.00621401604571754,0.005965130415561451,0.006078967727674625,-0.0003482760347590652,0.8380028351313057
4,divergence,0,386,386,0.4865029510923842,0.4712157562920816,0.9685773852635899,0.39747853036716624,0.40171008970238475,1.0106460072983305,0.39836316484717205,1.0022256157563747,0.0003052671330722719,0.000768009111813624,-0.0420686220347406,-0.00842039154195584,-1.009877998186517,0.004410150746222312,0.0072440671185487965,0.006367389896373058,0.007293555699481868,0.0003991991287960739,0.8084859741229505
2,divergence,0,374,374,0.5263232281185389,0.5549148350040675,1.0543232853084135,0.4107666425851111,0.4561719795932802,1.1105380337663644,0.45384623930802787,1.104876083539307,0.0025448012624800635,0.006195248101122961,-0.056214748457950936,-0.0056619502270574,-1.1043427856652415,0.0006629792779400836,6.028411384342361e-06,0.00683739973262032,0.007200311942959002,-0.0008981015346479215,0.8503423072408325
5,divergence,0,383,383,0.5358739123857402,0.5319378899859564,0.9926549467910082,0.3941863323122399,0.3979129639719532,1.0094539849665853,0.39978537606292464,1.0142040534937922,3.3363122794824295e-05,8.463794926404742e-05,-0.016799038175577152,0.00475006852720683,-1.0093693470173213,0.00033469698290025456,0.003247059504870085,0.007695278503046127,0.008147573977371626,0.0005812519831556728,0.8089552362581286
6,divergence,0,374,374,0.5924482904944204,0.5590536933228563,0.9436328913301529,0.4260511984160648,0.4479909947831461,1.0514956804455593,0.4514210255593998,1.0595464283110871,0.003999657546149729,0.009387739222467393,-0.10786278911540637,0.00805074786552784,-1.0421079412230918,0.0010423386031820456,0.0009270957138747758,0.006835171568627452,0.007391655525846705,-0.00029805470838900616,0.8053272909263768
7,divergence,0,376,376,0.5796033533252822,0.5395223602827087,0.9308475480470876,0.42919278517985004,0.43118411269409257,1.0046397040747272,0.43145351634485124,1.0052674025357948,2.344082176882265e-07,5.461606666803578e-07,-0.07379215602763967,0.0006276984610675829,-1.0046391579140606,0.005595041988479356,0.006765105286576968,0.007320201684397162,0.0075847739361702094,-0.00021826876015812458,0.8316185218513598
8,divergence,0,383,383,0.542306342881701,0.5337862421659533,0.9842891368917543,0.42639915912182813,0.44415666048427394,1.041645254176902,0.44193915807406586,1.0364447223213162,0.00035013879521236644,0.0008211526400133611,-0.057356117285147556,-0.005200531855585666,-1.0408241015368886,0.003558099244803663,5.6643919986906256e-05,0.006951969103568319,0.006984062228024369,-7.794424952856094e-06,0.8573700083527741
2,divergence,50,373,373,0.5777865462845556,0.4930786008145861,0.8533923193354325,0.43685214432935304,0.2874469835355127,0.6579960457257128,0.28322117841555383,0.6483227382352661,0.0005349854781713168,0.0012246374090543063,0.19539627360971967,-0.009673307490446703,-0.6567714083166585,0.0022504236222053845,0.024011152967401795,0.01782143655049151,0.018779602323503126,0.0006504176208295964,0.5990530480328662
1,divergence,50,385,385,0.5535452499322204,0.5003976907962123,0.9039869655777629,0.425552896631472,0.3327534391363484,0.7819320271823041,0.3233073005216575,0.7597346959234565,0.00013692377459299262,0.00032175500549246256,0.12205493839545878,-0.022197331258847597,-0.7816102721768117,0.0035310900252769535,0.020644725632706376,0.017451839826839826,0.019018398268398268,0.00023402631222940729,0.5804767426521248
3,divergence,50,378,378,0.6484641626543706,0.5205971831713767,0.8028156575999612,0.48992162792989385,0.29813837834891355,0.6085430022933712,0.30477704825881813,0.6220934755352966,0.000665569972417663,0.0013585233524593524,0.19427265530659,0.013550473241925376,-0.6071844789409119,0.0025003541104190673,0.004646771489079075,0.017274305555555557,0.01783509700176367,-0.00012245370370372877,0.6286792349422483
4,divergence,50,382,382,0.5570760369455752,0.3934506865173476,0.7062782464573802,0.3933822993889476,0.23103322443259952,0.5872994915924542,0.22838786743133344,0.5805748448420153,0.0014402177019100014,0.0036611146565240335,0.11897875486492604,-0.006724646750438934,-0.5836383769359301,0.04195940629498045,0.018395053497696698,0.01724967277486911,0.01754853839441536,0.00016871261907355772,0.5616440073240295
5,divergence,50,385,385,0.5561753416931214,0.46606251724736714,0.8379776705464309,0.44050996474881815,0.3277151950894691,0.7439450212581107,0.32934387640450813,0.7476422845333415,3.4520542142411093e-06,7.836495177151088e-06,0.09403264928832022,0.003697263275230789,-0.7439371847629336,0.017931171869232838,0.0007790415139189787,0.01746888528138528,0.01904301948051948,0.00016642761318538812,0.6507331787072663
6,divergence,50,379,379,0.6316688361290554,0.4269926149137479,0.6759754328397952,0.4436800682412683,0.30129203241596,0.6790749776303241,0.2963483375683586,0.667932500874048,0.001457966565033285,0.003286076318038382,-0.003099544790528874,-0.01114247675627611,-0.6757889013122858,0.016469290366907204,0.027537561844877052,0.01833140941072999,0.019322779243623574,-0.0008291681554162544,0.609500253305984
8,divergence,50,382,382,0.4942440176269063,0.3827559392952911,0.7744270555525975,0.4290603438023625,0.30489289560587834,0.7106060954128185,0.3059771257571502,0.7131330829728044,0.00048398722365756676,0.0011280166779535914,0.063820960139779,0.002526987559985927,-0.7094780787348649,0.002978111134854963,6.967346446076321e-05,0.01745718804537522,0.018277705061082027,0.0025434267515633824,0.6571246209486797
7,divergence,50,366,366,0.5728751930904804,0.4906045713885727,0.8563899734284466,0.4096359083512641,0.27222801398917024,0.6645609148007938,0.2693861362499183,0.6576233449215073,9.256200270686261e-06,2.2596164257038325e-05,0.19182905862765276,-0.006937569879286509,-0.6645383186365368,0.0021137014569170332,0.012398167292809896,0.01873235428051002,0.019218180783242257,0.002918411731083037,0.5947685010283065
2,divergence,100,384,384,0.5839281173638167,0.5073138468802775,0.8687950310914646,0.4455550140975722,0.3133569891853119,0.7032958428713582,0.30981776007520995,0.695352426237903,0.0028532166821986444,0.006403735996502146,0.16549918822010645,-0.007943416633455103,-0.696892106874856,0.015405829070668581,0.0003424156930587019,0.02394504123263889,0.023246527777777776,-0.003839787688078744,0.5434698743181087
1,divergence,100,380,380,0.5390217732137236,0.38208921837366683,0.7088567426425044,0.4589883656607363,0.1835955374896801,0.4000004166236007,0.17440703434418625,0.37998138382684005,0.0001713630619218769,0.00037334946752994784,0.3088563260189037,-0.02001903279676065,-0.39962706715607077,0.00014786890769470366,0.010734700350213318,0.02284155701754386,0.02290899122807018,0.0006873123400950865,0.39310899995869386
4,divergence,100,384,384,0.5867481078229185,0.4652475648734141,0.792925547897679,0.39345276078415087,0.27626361719198433,0.7021519346856057,0.27919298727837916,0.7095972251457783,0.00040112030067586635,0.001019487828415371,0.09077361321207333,0.0074452904601726155,-0.7011324468571903,0.004341725667396394,0.0015548902489416019,0.026048990885416665,0.026663953993055555,0.0005053552698205677,0.5164029416878555
3,divergence,100,374,374,0.4870008778523689,0.3135113980367847,0.6437594104949922,0.41001116557396744,0.2057969232382267,0.5019300461004158,0.20110022719498263,0.49047500185382986,0.00265073386631377,0.006465028489170665,0.14182936439457638,-0.011455044246585944,-0.4954650176112451,0.053263030672171134,0.028312618543353547,0.02351381461675579,0.024906974153297682,0.0014484486408199992,0.4731163139253878
5,divergence,100,385,385,0.5821008715939731,0.39747557988241977,0.6828293845257578,0.4376630687771001,0.2248900635383907,0.5138429069804065,0.21401911892004452,0.48900429163019815,2.3771278985404436e-05,5.4314107543561196e-05,0.16898647754535134,-0.024838615350208315,-0.5137885928728629,0.00622776998179615,0.0026579187942973232,0.024778679653679653,0.023455086580086583,0.0007687984758297239,0.567000719847545
7,divergence,100,378,378,0.5987567974202311,0.4513160745460581,0.7537552416783783,0.4984782781070562,0.3035258146419172,0.6089047968038642,0.3211842046873539,0.644329389651708,8.109337857459363e-05,0.00016268187027635643,0.14485044487451404,0.03542459284784383,-0.6087421149335879,0.024220848148072908,0.00309225215109421,0.025202821869488537,0.02683779761904762,0.0052872096721597595,0.5202793238871658
6,divergence,100,380,380,0.6367290890010503,0.48387108243490307,0.7599324277677298,0.49183299984899276,0.35443530486592295,0.7206415693431409,0.33691911156185594,0.685027461893163,0.00048230705111059575,0.000980631741381075,0.039290858424588904,-0.03561410744997795,-0.7196609376017599,0.04654046534607825,0.04968664927333937,0.025084978070175436,0.02604632675438597,0.001540877021655701,0.5783503874354223
8,divergence,100,384,384,0.5239575590134424,0.3769483660684684,0.7194253801361754,0.43926398184946613,0.2287934290195785,0.520856338041358,0.22269704155366607,0.5069776962272845,2.0074998981663984e-05,4.570144562534062e-05,0.1985690420948174,-0.0138786418140735,-0.5208106365957327,5.052487033182643e-05,0.005555235961037842,0.027574598524305553,0.023968641493055554,0.002596968361183477,0.4336704747735473
2,divergence,500,385,385,0.5044947926514208,0.3337046060523378,0.6614629346291588,0.41279686467644305,0.05064019133964021,0.12267581387599158,0.07756505508323128,0.18790126989948927,4.074017526659219e-06,9.869303464435228e-06,0.5387871207531673,0.06522545602349769,-0.12266594457252715,0.00828048858691691,0.0005169532011953524,0.048130952380952385,0.05076596320346321,-0.007178980147456743,0.2648072194904785
1,divergence,500,383,383,0.5027553497426117,0.2352373510205059,0.4678962663270255,0.4119129105255126,0.03049470601637399,0.07403192577156487,0.04102709090458287,0.09960137168859576,5.40751306542e-05,0.0001312780669710297,0.39386434055546066,0.025569445917030892,-0.07390064770459384,0.020300572630736737,0.007198382601925833,0.05397329199303742,0.05389251523063533,-0.001953709520960245,0.1498054035858942
4,divergence,500,384,384,0.5711464733640224,0.4394044413624207,0.7693375725045659,0.44984974733321603,0.18892659235243847,0.4199771000704717,0.18252007724614142,0.40573564468614404,0.00021357614250045153,0.0004747721739682335,0.34936047243409424,-0.01424145538432764,-0.41950232789650344,0.028142119117311494,0.02710819156486467,0.05434760199652777,0.055723198784722226,-0.0032676042344834955,0.34076081429767763
3,divergence,500,379,379,0.5662919253467554,0.42504291209367046,0.7505720867084684,0.4015550900376369,0.11570579029087792,0.2881442500953806,0.10321043324330925,0.25702683343806093,0.0009599435479397753,0.0023905650102699527,0.46242783661308784,-0.031117416657319652,-0.2857536850851106,0.013194899771710823,0.02091307501076921,0.05434119393139841,0.052689918645558484,0.002262374429694347,0.2871875232965263
5,divergence,500,388,388,0.5382608166923165,0.3457141917028109,0.6422800638308954,0.4264606832865634,0.057331384903423044,0.1344353351910258,0.08383596360099708,0.19658544594288635,0.0016882707453506048,0.003958795761287469,0.5078447286398696,0.062150110751860554,-0.13047653942973833,0.025558084106400404,0.004640889611810581,0.06331883591065293,0.05883242053264605,0.0018658355817762207,0.28512397099904097
6,divergence,500,381,381,0.5300226835150225,0.35692650125430714,0.6734174071328982,0.3961828492285706,0.14459063582525322,0.36495935174072675,0.1546165309853644,0.3902655839000268,0.000884733102141285,0.002233143367674793,0.30845805539217147,0.025306232159300057,-0.362726208373052,0.022365511152092836,0.00025336900199907526,0.05417787620297462,0.053840223097112866,-0.0018976559082458377,0.32268029044637486
7,divergence,500,383,383,0.5182918630458234,0.14663621356012838,0.28292208312590067,0.3993470211637419,0.018870827581311533,0.0472542089491987,0.02881273972656444,0.07214962976961965,2.1898622342171662e-05,5.483607284300413e-05,0.23566787417670199,0.024895420820420955,-0.04719937287635569,0.0039582428945928744,0.0019390683661000664,0.05247280243690165,0.05254813968668407,-0.001948517222856827,0.1666981669282314
1,divergence,1000,390,390,0.5294339984622304,0.1856366291115953,0.3506322405640494,0.3594518913345059,0.03138433851418486,0.08731165218707557,0.018310164077360334,0.050939122922352066,0.0017036603178000962,0.004739605935790362,0.2633205883769738,-0.0363725292647235,-0.08257204625128521,0.005100985783571812,0.0006300191226159756,0.0735758547008547,0.0770841346153846,0.008030214064725816,0.09270703257936251
8,divergence,500,382,382,0.6237679538574803,0.20392055012317914,0.32691732376134747,0.4392548390207827,0.09021900011614307,0.2053910215702245,0.12165535766239577,0.27695849164370806,0.0008273439206475631,0.0018835169180877675,0.12152630219112295,0.07156747007348355,-0.20350750465213674,0.008439448524056137,0.004112722789189605,0.055643815445026175,0.05497000436300174,0.00234830217877402,0.3232499494046243
3,divergence,1000,385,385,0.47451250289631874,0.18982168406487657,0.4000351579910903,0.33798295535782485,0.05789670942446233,0.17130067805687624,0.05625780415864742,0.16645160138056933,0.00039442917022435746,0.0011670090576217744,0.22873447993421406,-0.004849076676306907,-0.17013366899925447,0.02756286926970555,0.037952182525927934,0.0748452380952381,0.07767018398268398,-0.011558875304383154,0.19120501828773828
2,divergence,1000,381,381,0.6319125417189768,0.3297897491082593,0.5218914443621264,0.45586926299932723,0.12931358575419438,0.283663752417511,0.14300055973357884,0.31368765420315226,0.0004888759815521928,0.001072403913209025,0.2382276919446154,0.030023901785641238,-0.282591348504302,6.313705626213584e-05,0.010097167050002158,0.0730530949256343,0.07326142825896763,-0.004156706640511043,0.2844398579456971
4,divergence,1000,384,384,0.604160942622203,0.23246239573804953,0.38476899007921156,0.44928819973877854,0.03295443693085786,0.0733481025097431,0.035282043456398134,0.07852875610112069,0.0006872399169051323,0.001529619334103815,0.31142088756946845,0.005180653591377593,-0.07181848317563928,0.014067129629332376,9.035878772791747e-06,0.06720106336805555,0.06825466579861111,-0.00280300078215423,0.15964930697553656
5,divergence,1000,382,382,0.5906876206897301,0.30373210732184575,0.514200901937281,0.4741816903630342,0.08398487923982643,0.17711539890021372,0.08702427871845804,0.18352517713586142,2.080227894057505e-06,4.386984854824064e-06,0.33708550303706725,0.006409778235647701,-0.17711101191535888,0.0306565753405723,0.0173909785687041,0.07363683464223386,0.07227421465968586,0.006497530927319667,0.280979123199469
7,divergence,1000,385,385,0.5889235854455168,0.21298953832468337,0.36165903962490853,0.43420684187915826,0.03171113140453819,0.07303231627419529,0.05445090684176566,0.12540315257611623,5.250955150914422e-05,0.00012093211447773057,0.28862672335071327,0.05237083630192094,-0.07291138415971755,0.0006683125259041256,0.00661055096341488,0.07297050865800866,0.08116829004329006,-0.005998825983044742,0.16053215506489954
6,divergence,1000,381,381,0.4905872309432582,0.18187407399767266,0.3707272886984464,0.3512410842888381,0.12082517756313906,0.34399500220133755,0.15427120238319394,0.4392174187013135,0.00011722669367466784,0.0003337499481645722,0.026732286497108848,0.09522241649997593,-0.34366125225317296,0.016427763112870135,0.010228353217171091,0.07400235126859142,0.07224272747156606,0.0072378872644174586,0.30913644347285685
8,divergence,1000,389,389,0.5572108134402048,0.21486588835774453,0.38560968878397783,0.43523305344681706,0.053414581359244276,0.1227263897726261,0.06773317840544406,0.1556250791823665,0.0014125983130275493,0.003245613589869871,0.26288329901135177,0.03289868940974042,-0.11948077618275622,0.005148396382367935,0.007513752983434155,0.08091072193658955,0.07953700728363325,-0.003623604695533411,0.18581589743615926
1,divergence,5000,388,388,0.36080946103963335,0.1191667577321762,0.3302761446133095,0.35443179025887817,0.012951336762394844,0.03654112615839326,0.004797904181901988,0.0135368900695888,2.195230641979469e-06,6.1936618054945494e-06,0.29373501845491623,-0.023004236088804458,-0.03653493249658776,0.00379616981973781,0.00011272108434891675,0.12811936211340205,0.13674183848797253,-0.004263830608354807,0.04571245943820975
2,divergence,5000,390,390,0.5216014601090367,0.18645825858073248,0.3574726545852744,0.3808786237866118,0.013676716528968876,0.035908333192863275,0.013370792849989533,0.03510512802493362,0.00018116091375636198,0.00047563948838950286,0.3215643213924111,-0.0008032051679296576,-0.03543269370447377,0.0032617395809655327,1.8956095232117874e-07,0.13443135683760685,0.15604700854700854,-0.018428898682336214,0.07217299920955292
3,divergence,5000,389,389,0.5530352001025449,0.038574391799542196,0.06975033739694987,0.37036691281319783,0.026569789512255724,0.07173910139661084,0.030556367896166257,0.08250296351817471,0.00054821589816741,0.0014801967432871467,-0.0019887639996609696,0.010763862121563869,-0.0702589046533237,0.0018851097112525103,0.0016420458288082579,0.13139031705227078,0.13422557840616967,0.01348109602613537,0.12750833412584076
5,divergence,5000,386,386,0.48202520568248447,0.1393229166021679,0.28903657933179017,0.2980487012120159,0.02698164427202954,0.09052763579344117,0.03602454318535743,0.12086797573303801,0.0001936047770672394,0.0006495743020517957,0.198508943538349,0.03034033993959684,-0.08987806149138937,0.0005119621579067958,0.008030182637474542,0.14804889896373058,0.15722528065630398,0.0003922481064695116,0.10117078624889812
6,divergence,5000,390,390,0.5984986993792125,0.09005621158945992,0.1504701876259212,0.464658379175607,2.7886072847948143e-05,6.001413962968532e-05,0.002482604307015036,0.005342859223629308,1.2775884949260156e-05,2.7495221267562256e-05,0.15041017348629152,0.005282845083999623,-3.2518918362123065e-05,3.224261729392612e-05,0.0075406155221348975,0.148775641025641,0.14100641025641028,0.009126222400284906,0.026808916298127487
4,divergence,5000,381,381,0.433581306015846,0.17356101863666124,0.4002963601717601,0.3068989660626348,0.0069217233241515765,0.022553752503483272,0.03430981953887459,0.1117951617076231,0.001400442124782525,0.004563202485656826,0.37774260766827683,0.08924140920413984,-0.017990550017826446,0.007162651783777964,0.0033868330608215714,0.1343030949256343,0.14156523403324583,0.009473544412091695,0.147581602467294
7,divergence,5000,387,387,0.5825291405061956,0.11616847854678042,0.19942088810498723,0.49073734933706187,0.01681936507175992,0.0342736600229863,0.0033358248667267887,0.006797576893695093,8.787561965827052e-06,1.7906853793986107e-05,0.16514722808200094,-0.027476083129291205,-0.03425575316919231,0.012141723932339013,0.0027136396009864202,0.15089201119724374,0.13845634151593456,-0.008147160146156351,-0.015805848516470537
8,divergence,5000,382,382,0.49599998626330316,0.12282490347439014,0.2476308606371375,0.4081885440006893,0.007727538035175562,0.01893129571799671,0.0021660477539594356,0.005306488351509879,0.0008147283994937841,0.001995960963305252,0.22869956491914079,-0.013624807366486833,-0.01693533475469146,0.002465924073237128,0.00032088307629478955,0.1422183136998255,0.137667157504363,-0.008686743121455037,0.0185186924445672
1,bottleneck,0,378,378,0.6194115069105304,0.6097755229206271,0.9844433242159721,0.4892209135701065,0.4599881200777997,0.9402462309328122,0.45822586180097935,0.9366440581148919,0.0016570905546261477,0.003387203017412874,0.044197093283159905,-0.0036021728179203016,-0.9368590279153993,0.0025159772212576207,0.0008189758720849416,0.0059408068783068785,0.006985504850088184,-0.00043767022385735044,0.866480687859796
2,bottleneck,0,374,374,0.5263232281185389,0.5549148350040675,1.0543232853084135,0.4107666425851111,0.4561719795932802,1.1105380337663644,0.45384623930802787,1.104876083539307,0.0025448012624800635,0.006195248101122961,-0.056214748457950936,-0.0056619502270574,-1.1043427856652415,0.0006629792779400836,6.028411384342361e-06,0.00683739973262032,0.007200311942959002,-0.0008981015346479215,0.8503423072408325
4,bottleneck,0,386,386,0.4865029510923842,0.4712157562920816,0.9685773852635899,0.39747853036716624,0.40171008970238475,1.0106460072983305,0.39836316484717205,1.0022256157563747,0.0003052671330722719,0.000768009111813624,-0.0420686220347406,-0.00842039154195584,-1.009877998186517,0.004410150746222312,0.0072440671185487965,0.006367389896373058,0.007293555699481868,0.0003991991287960739,0.8084859741229505
3,bottleneck,0,377,377,0.5987516017156627,0.6065792496911862,1.0130732810619532,0.4568565634086951,0.4260254429333134,0.9325146600820512,0.42127008454695014,0.9221057948774395,3.471578688342338e-06,7.59883728590921e-06,0.08055862097990196,-0.010408865204611706,-0.9325070612447652,0.0005828530624816278,0.00621401604571754,0.005965130415561451,0.006078967727674625,-0.0003482760347590652,0.8380028351313057
5,bottleneck,0,383,383,0.5358739123857402,0.5319378899859564,0.9926549467910082,0.3941863323122399,0.3979129639719532,1.0094539849665853,0.39978537606292464,1.0142040534937922,3.3363122794824295e-05,8.463794926404742e-05,-0.016799038175577152,0.00475006852720683,-1.0093693470173213,0.00033469698290025456,0.003247059504870085,0.007695278503046127,0.008147573977371626,0.0005812519831556728,0.8089552362581286
6,bottleneck,0,374,374,0.5924482904944204,0.5590536933228563,0.9436328913301529,0.4260511984160648,0.4479909947831461,1.0514956804455593,0.4514210255593998,1.0595464283110871,0.003999657546149729,0.009387739222467393,-0.10786278911540637,0.00805074786552784,-1.0421079412230918,0.0010423386031820456,0.0009270957138747758,0.006835171568627452,0.007391655525846705,-0.00029805470838900616,0.8053272909263768
7,bottleneck,0,376,376,0.5796033533252822,0.5395223602827087,0.9308475480470876,0.42919278517985004,0.43118411269409257,1.0046397040747272,0.43145351634485124,1.0052674025357948,2.344082176882265e-07,5.461606666803578e-07,-0.07379215602763967,0.0006276984610675829,-1.0046391579140606,0.005595041988479356,0.006765105286576968,0.007320201684397162,0.0075847739361702094,-0.00021826876015812458,0.8316185218513598
8,bottleneck,0,383,383,0.542306342881701,0.5337862421659533,0.9842891368917543,0.42639915912182813,0.44415666048427394,1.041645254176902,0.44193915807406586,1.0364447223213162,0.00035013879521236644,0.0008211526400133611,-0.057356117285147556,-0.005200531855585666,-1.0408241015368886,0.003558099244803663,5.6643919986906256e-05,0.006951969103568319,0.006984062228024369,-7.794424952856094e-06,0.8573700083527741
1,bottleneck,50,374,374,0.6493212813650504,0.3963062754255276,0.6103392677849457,0.5692855009957322,0.23680293157656573,0.415965154851785,0.2173011489781862,0.38170856028847866,0.0011378086025738375,0.001998660778438423,0.19437411293316076,-0.03425659456330632,-0.41396649407334657,0.09323434192031226,0.002453750656022125,0.032252952317290556,0.03279077540106952,0.006214952024844039,0.5255494556794734
2,bottleneck,50,383,383,0.5979551235746053,0.42842114351366617,0.7164770843546642,0.5247334076890963,0.215174170890587,0.4100637918942591,0.21040458831511863,0.4009742570836714,4.408047777748572e-07,8.400547236284094e-07,0.30641329246040505,-0.009089534810587718,-0.4100629518395355,0.0046172604910477534,0.00635484833413337,0.029967090948651,0.031144473455178418,0.0004791152179431657,0.4188779734435145
3,bottleneck,50,370,370,0.596413464720061,0.37556310358431066,0.6297025902334197,0.5884353061967925,0.3359410227088068,0.5709056189712329,0.3183652356642869,0.5410369369607726,0.0009219708545454377,0.00156681770253449,0.05879697126218675,-0.029868682010460335,-0.5693388012686984,0.006330572955506747,0.00611452982479973,0.02909938063063063,0.030821227477477477,0.0011451163077139948,0.6059336352090235
4,bottleneck,50,378,378,0.5702231592188298,0.23697966122632372,0.4155910846395139,0.5125092324206482,0.15166500103968053,0.29592637838609637,0.13502555312689957,0.26345974781596854,0.0005633585104806255,0.0010992163162013872,0.11966470625341752,-0.03246663057012783,-0.29482716206989495,0.01545154969656174,0.0020785122466667094,0.02859347442680776,0.028856922398589065,0.0028100015845458626,0.43893985592094237
5,bottleneck,50,383,383,0.5964024659421612,0.2538894859727166,0.42570160331519935,0.5377162932533935,0.2831104968112821,0.5265053344364051,0.2550675782140599,0.47435344886204106,0.001023076275353047,0.0019026320909173795,-0.10080373112120578,-0.052151885574364065,-0.5246027023454878,0.012917650484164957,0.00025699574029463873,0.03067232375979112,0.030553742384682336,0.005948916517080072,0.5296186581273506
6,bottleneck,50,373,373,0.6631921281247313,0.3339005157394048,0.5034747874398862,0.5543995916061325,0.14130210063409318,0.2548741066434259,0.1358734202774594,0.24508210744496595,0.00150186457881882,0.0027089929385911314,0.24860068079646025,-0.009791999198459966,-0.2521651137048348,0.009542830581857233,0.0006451566426371494,0.03315097184986595,0.03552976988382484,-0.00010664836302870517,0.37408561742931534
7,bottleneck,50,385,385,0.46204077509042657,0.28538824642910027,0.6176689630330713,0.4307723461863915,0.1710014348478333,0.39696474567530027,0.1668181787117717,0.3872536855919505,0.0005322177032971372,0.0012354964472739184,0.22070421735777102,-0.009711060083349765,-0.3957292492280263,0.04214419203580169,0.0005111694282643876,0.029941017316017317,0.028838744588744584,-0.004237655799062073,0.4492670920352893
8,bottleneck,50,379,379,0.5931901828060758,0.41832340032277854,0.7052095810889975,0.4749211446117668,0.24913284467150787,0.5245772850883827,0.241231497615213,0.5079401082729476,0.0019059087593552976,0.004013105714451435,0.1806322960006147,-0.016637176815435195,-0.5205641793739313,0.06648852542112985,0.01779322763738635,0.030859443711521547,0.032781717238346525,0.004854331288020403,0.47733777572691505
1,bottleneck,100,383,383,0.6638809440668565,0.20831465717180045,0.31378315499717374,0.5483621285777683,0.050144462406050874,0.09144406550486175,0.04488161523138887,0.08184667192060437,0.0002581237159789549,0.0004707176198480818,0.222339089492312,-0.009597393584257388,-0.09097334788501367,3.5336746615545157e-06,5.760291912248602e-06,0.052691198868581375,0.055043788076588336,0.0022350665547033743,0.21590285607731186
2,bottleneck,100,381,381,0.6328695100064402,0.40100255382916616,0.6336259647349506,0.5769375650208134,0.15597346797405748,0.2703472220056093,0.14323176730685855,0.2482621621313415,0.00010848687195337989,0.00018803918921359567,0.3632787427293413,-0.022085059874267787,-0.27015918281639567,2.1215778869748708e-05,2.329985789431515e-09,0.04110099518810149,0.041317804024496946,-0.0015314629128390378,0.3763529839553709
4,bottleneck,100,374,374,0.5199852894578872,0.2960706685580769,0.5693827778604017,0.4829153292304423,0.13854494248338406,0.28689282385002074,0.13535033823543619,0.2802775767154171,0.0006387978658165678,0.0013227947574878907,0.28248995401038096,-0.006615247134603652,-0.2855700290925329,0.053872663548875696,0.014460770011740426,0.04109542112299465,0.03736296791443851,0.006866386753565101,0.41247569750165114
3,bottleneck,100,375,375,0.5533585999300537,0.26959404182170316,0.48719590127591894,0.4878816302047266,0.18332823661896838,0.37576376167727316,0.20805179301508522,0.42643907893761407,0.0009905516278210676,0.0020303113839424715,0.11143213959864579,0.05067531726034091,-0.37373345029333066,0.01009695426242239,0.00037675934288856824,0.03803361111111111,0.0399875,0.0037515093171296143,0.47181236568643126
5,bottleneck,100,383,383,0.6237381277694829,0.2917438449863594,0.46773450587292015,0.5249440306765994,0.15442648479455817,0.2941770470187424,0.12722629733934404,0.24236164220281214,3.50897307188734e-05,6.684470851806107e-05,0.17355745885417773,-0.05181540481593028,-0.29411020231022433,0.0002332950328572875,0.01217950708872721,0.0455001631853786,0.04905243690165362,-0.00422331873730783,0.3496411964520011
6,bottleneck,100,385,385,0.589910409036251,0.27202802431716966,0.46113447084547554,0.4665161179823258,0.13716770977941997,0.2940256606195472,0.13271459745083067,0.28448019765066,0.00033326958674701824,0.0007143795763979248,0.16710881022592833,-0.009545462968887197,-0.2933112810431493,0.0035465993025064167,0.0001938770058973344,0.040775974025974035,0.045867153679653674,-0.007039935459505764,0.41882888675066593
7,bottleneck,100,367,367,0.6029028735175826,0.3128075620128776,0.5188357457774749,0.5719612767432817,0.20965121648238702,0.36654792030000766,0.24836039895224798,0.43422589789014987,8.620744706140826e-05,0.00015072252365102244,0.15228782547746728,0.06767797759014221,-0.36639719777635665,0.04906926615495135,0.01235835189285347,0.04627526112624887,0.044651453224341504,0.006778145814411135,0.46381388407771007
8,bottleneck,100,378,378,0.6416687751028797,0.21108120512908135,0.32895664136880964,0.6074824472521732,0.12280249785329209,0.20214987018763247,0.10840319322450824,0.178446626260312,0.0026571240639841603,0.004373993151576866,0.12680677118117717,-0.023703243927320483,-0.19777587703605562,0.05869188551948159,0.00023377983173495832,0.04444389329805996,0.04652006172839507,0.0008204336373824062,0.3534596695821147
2,bottleneck,500,377,377,0.5158708126303426,0.12904125572906744,0.2501425794398151,0.4534264128753736,0.01804916396385041,0.03980615917231824,0.016035229170254205,0.03536456790985743,6.864247227166279e-05,0.00015138613526364972,0.21033642026749688,-0.004441591262460805,-0.039654773037054586,0.032379701772376805,0.015622342003628586,0.10610411140583555,0.10864030725022106,0.02750678827503314,0.10645803591179845
1,bottleneck,500,372,372,0.6183484624340791,0.258905539757865,0.41870491395531917,0.5098162067750494,0.09286385525022846,0.18215163428730227,0.08009233864401474,0.15710041693389043,1.1474019537171055e-08,2.250618827861986e-08,0.2365532796680169,-0.025051217353411842,-0.182151611781114,2.8744953478497116e-05,0.00011432513355783065,0.09024753584229392,0.08871443772401436,0.00960651782547417,0.1987894748474474
3,bottleneck,500,382,382,0.6288846808094335,0.22909176862888528,0.3642826349880597,0.49704850816817664,0.03735444823162739,0.07515252056442848,0.037531418553338664,0.07550856292005988,0.0001249108709502128,0.0002513051923454303,0.28913011442363123,0.0003560423556314002,-0.07490121537208305,0.000449230225672508,0.011566163250239177,0.09342713787085515,0.09667511998254799,0.012886390445480622,0.09698364945313642
4,bottleneck,500,382,382,0.5940029722195647,0.0860058941082987,0.14479034302964372,0.5512372409520906,0.0598630839893553,0.1085976772649839,0.09297740652560209,0.16867040108722078,6.398807480314853e-06,1.1608082700042011e-05,0.03619266576465982,0.060072723822236884,-0.10858606918228386,0.005741935001561854,0.0024128135639073815,0.08784140488656195,0.08513498036649216,0.02862075272005893,0.2451027340735205
5,bottleneck,500,372,372,0.5847517967995304,0.14877131097866203,0.25441787745316685,0.4565120487859588,0.047857247612431535,0.10483238665814489,0.057183888622838644,0.125262605389962,3.024966906061718e-05,6.62625863677918e-05,0.14958549079502198,0.02043021873181712,-0.1047661240717771,0.021287936755448288,0.01114380439874369,0.09458137320788529,0.10509996639784945,0.023417927972390257,0.19912499399519507
6,bottleneck,500,381,381,0.6127195455432287,0.21635357418790474,0.35310375809227473,0.49704032592856817,0.06564020114070684,0.13206212396967623,0.07688981998455242,0.15469533551610176,0.0010869048168949077,0.00218675379078017,0.2210416341225985,0.02263321154642553,-0.12987537017889605,2.5715681708397838e-05,0.007562609923123163,0.09019220253718287,0.08982502187226597,0.0282207279591353,0.1913847799107282
7,bottleneck,500,382,382,0.6262497304305373,0.3369102394615905,0.5379806538678583,0.563146198406173,0.13888384631520456,0.24662129782332945,0.12001966602726888,0.21312345953315642,0.00023039822168946243,0.0004091268348104628,0.2913593560445289,-0.033497838290173026,-0.246212170988519,0.044641808935843026,0.001869992761745309,0.09626118019197208,0.09651587041884817,0.023155051708387858,0.26636466256248603
8,bottleneck,500,381,381,0.5877007557878167,0.13426040977525117,0.22845029286252017,0.5247457057743214,0.13164572356754115,0.25087527562189965,0.12540064481310978,0.2389741229574561,0.002583832942193314,0.004923971580445003,-0.022424982759379486,-0.011901152664443554,-0.24595130404145465,0.015238346405490412,0.03307045705813563,0.09073955599300088,0.09609853455818022,0.015565291789698149,0.28948127715644867
1,bottleneck,1000,380,380,0.5753738962192957,0.19680407355927804,0.34204553743652794,0.45858168982124725,0.035155186743923594,0.07666068559699124,0.04034091656832728,0.08796887765853006,0.0009504701954513828,0.002072630060353851,0.2653848518395367,0.011308192061538824,-0.07458805553663739,0.0005317811508925923,0.0017500558854752454,0.12195339912280702,0.11976425438596493,0.02560128289473687,0.16502002541542682
2,bottleneck,1000,378,378,0.5963630298397535,0.19194540277533417,0.3218599966314329,0.4985558857282266,0.08302826557363022,0.16653752959380502,0.06591993317868931,0.13222175299846659,0.0002988817491332249,0.00059949497677007,0.15532246703762786,-0.03431577659533844,-0.16593803461703496,0.001982734359994006,0.0046583305183548595,0.12069058641975308,0.12500992063492064,0.03222785390487207,0.18413251731974356
3,bottleneck,1000,379,379,0.5921689463776963,0.1556832106868051,0.26290336843753953,0.4967204926249546,0.028168027536246237,0.05670800370524337,0.05759396912561095,0.11594844581758956,6.50527121808722e-05,0.0001309644219369661,0.20619536473229616,0.05924044211234619,-0.0565770392833064,0.0012281735329033791,0.024351610203947462,0.1207211961301671,0.12673730211081796,0.03816689931242673,0.1579991445582634
4,bottleneck,1000,378,378,0.5829208230096766,0.17607435076378808,0.30205534579241683,0.3755155841872383,0.059582342309308346,0.15866809479629906,0.07226500904745654,0.19244210384468094,0.00028657323333872457,0.0007631460461460753,0.14338725099611777,0.033774009048381876,-0.15790494875015298,0.00018422351911124492,0.0005858482415615394,0.13139054232804234,0.13463844797178132,0.025837470949992697,0.21098983309889172
6,bottleneck,1000,377,377,0.5177608694298229,0.19482198430088948,0.376277922500081,0.4268368948054183,0.03254084625177212,0.07623719188240859,0.02999572624221093,0.07027444582991133,9.922411538838613e-05,0.00023246377385820717,0.30004073061767245,-0.005962746052497261,-0.07600472810855038,0.0016526307392940743,6.4283645102466225e-06,0.12723972148541113,0.12919733642793987,0.026668439906148728,0.1758580536211215
5,bottleneck,1000,378,378,0.5923425738342555,0.21425093222865602,0.36170105221679705,0.569908839032798,0.06501166185009415,0.11407379110039167,0.07084882089397289,0.12431605906343132,0.004101155359274207,0.0071961602950997355,0.24762726111640537,0.010242267963039647,-0.10687763080529195,0.02341752172561747,0.001348115776832008,0.13187500000000002,0.14019262566137566,0.05251950179811507,0.21236387696236972
7,bottleneck,1000,375,375,0.6131067679814155,0.2206377164975086,0.35986834270959567,0.5362543697601848,0.09603065773365711,0.17907669037103124,0.08504931201518733,0.15859882326594696,2.0183153621624807e-05,3.763727581492864e-05,0.18079165233856442,-0.020477867105084285,-0.1790390530952163,0.00034992046627136227,0.005169363600361336,0.12082888888888889,0.12742222222222221,0.02975987627314816,0.25542019434532853
8,bottleneck,1000,384,384,0.5677220777433738,0.08980551681671435,0.15818570448005184,0.5087089157358086,0.037475627424807575,0.07366811601994816,0.027764633438673345,0.05457862557512664,1.046823955159523e-05,2.0578054026149164e-05,0.08451758846010368,-0.01908949044482152,-0.07364753796592201,7.451863620219236e-05,0.031164732815066293,0.12853271484375,0.1401752387152778,0.016233651620370326,0.1397093781138381
1,bottleneck,5000,385,385,0.5530838773396816,0.14626986915656986,0.26446236303275367,0.2924626152173688,0.0012154533017972012,0.0041559270777013066,0.00038524466026077474,0.0013172441201568512,1.7761276434426698e-05,6.0730074581415726e-05,0.2603064359550524,-0.0028386829575444555,-0.004095197003119891,0.001280935595389115,0.013198813852635665,0.2178436147186147,0.2170487012987013,0.08408021148989896,-0.00022973911282686495
2,bottleneck,5000,381,381,0.5038638357434664,0.05964480099551118,0.11837484011430086,0.3087254186598956,0.014861899219074758,0.04813953863464422,0.014376183592816479,0.046566245355565826,0.0004379358045053273,0.001418528498256812,0.07023530147965663,-0.0015732932790783957,-0.04672101013638741,0.0034085655620959654,0.0040824629167450855,0.20720363079615045,0.20425853018372706,0.1102265478045713,0.020369903036367404
3,bottleneck,5000,385,385,0.5546965599390091,0.05803664624010809,0.10462773781486842,0.3958297138818882,8.532974065889587e-06,2.1557184230074613e-05,0.006158192169368263,0.015557680369609162,0.001748498531786378,0.00441729983997137,0.10460618063063834,0.015536123185379088,0.004395742655741295,0.0008612323994571662,0.006296528095129609,0.19707873376623378,0.20162878787878788,0.09506461298250361,0.04526697588358375
4,bottleneck,5000,382,382,0.47042829142237247,0.2340467858611406,0.49751851691037535,0.2434803625822154,0.018847296446625812,0.07740787078983298,0.0035947910683816827,0.014764193014407224,0.00024623771569792444,0.0010113247453982165,0.4201106461205424,-0.06264367777542576,-0.07639654604443476,0.013458668027748295,2.2467789515744855e-05,0.21889670593368235,0.21180846422338567,0.1063824448262071,0.03580426615835315
5,bottleneck,5000,379,379,0.5587930352834029,0.12903221108923577,0.23091234668627275,0.46349671072259935,0.02705367764685149,0.05836865078216918,0.040374902710742434,0.08710936189341509,0.001177962833319593,0.0025414696718842485,0.17254369590410357,0.02874071111124591,-0.05582718111028493,0.0007934370277924363,0.00122951420288073,0.23765611257695687,0.2240025835532102,0.12199253077130971,0.11093009004275899
6,bottleneck,5000,383,383,0.6060479713275435,0.0204344709361,0.033717579965391924,0.4317552966535765,0.005431757801019414,0.01258063964268548,0.004325967308303258,0.01001948868220659,0.00026058722070059913,0.0006035530373809961,0.021136940322706445,-0.0025611509604788908,-0.011977086605304485,0.0029870946817580333,0.0002406131947998665,0.20437336814621412,0.19649940165361182,0.07328878582145706,0.04128510261880745
7,bottleneck,5000,383,383,0.558693268995027,0.1240125854405123,0.22196899859485536,0.31208919116346295,0.004721331223909299,0.015128147201472309,0.0013335978378099442,0.004273130488237402,0.0004207128145392122,0.0013480531413818026,0.20684085139338304,-0.010855016713234907,-0.013780094060090507,0.010645148713853081,0.015461774201280337,0.20960645126196692,0.22830042428198435,0.09268117707653396,0.011234603501769422
8,bottleneck,5000,376,376,0.4783695314087096,0.04216084214763232,0.08813446379721647,0.4589570667773395,0.0023166749547995076,0.005047694267061868,0.003626853132897121,0.00790237997284541,5.0157611750410665e-05,0.00010928606482214677,0.0830867695301546,0.002854685705783541,-0.0049384082022397215,0.0466579179720755,8.253639780526327e-05,0.215670157358156,0.22327487810283686,0.11281081681488253,0.024639614785795225
